id,symbol,name,image,current_price,market_cap,market_cap_rank,fully_diluted_valuation,total_volume,high_24h,low_24h,price_change_24h,price_change_percentage_24h,market_cap_change_24h,market_cap_change_percentage_24h,circulating_supply,total_supply,max_supply,ath,ath_change_percentage,ath_date,atl,atl_change_percentage,atl_date,last_updated,isolation_outlier,outlier_status,market_cap_category,volatility_score,supply_ratio
bitcoin,btc,Bitcoin,https://coin-images.coingecko.com/coins/images/1/large/bitcoin.png?1696501400,77257.0,1551721520222,1.0,1551721520222.0,31182903450.0,79530.0,77191.0,-444.9561909947952,-0.57264,-8857331038.762695,-0.56757,20084606.0,20084625.0,21000000.0,126080.0,-38.72355,2025-10-06T10:57:42.000Z,67.81,113833.66026,2013-07-05T16:00:00.000Z,2026-09-15 07:24:20+00:00,Outlier,Outlier,Large Cap,0.57264,0.9999990540027509
ethereum,eth,Ethereum,https://coin-images.coingecko.com/coins/images/279/large/ethereum.png?1696501628,2483.11,303059231334,2.0,303059231334.0,16284108057.0,2607.56,2480.05,-36.92575993023274,-1.46529,-4503647352.8307495,-1.4643,122050160.83564284,122050160.8356428,,4946.05,-49.79614,2025-08-24T11:21:03.000Z,0.432979,573393.83702,2015-10-19T16:00:00.000Z,2026-09-15 07:24:20+00:00,Outlier,Outlier,Large Cap,1.46529,1.0000000000000004
tether,usdt,Tether,https://coin-images.coingecko.com/coins/images/325/large/Tether.png?1696501661,0.999762,183388225788,3.0,188853890986.0,56628533823.0,0.999954,0.999563,0.00012943,0.01295,24584060.0,0.01341,183431197333.87732,188898143247.2662,,1.32,-24.43762,2018-07-23T16:00:00.000Z,0.572521,74.62456,2015-03-01T16:00:00.000Z,2026-09-15 07:24:20+00:00,Outlier,Outlier,Large Cap,0.01295,0.9710587631015902
binancecoin,bnb,BNB,https://coin-images.coingecko.com/coins/images/825/large/bnb-icon2_2x.png?1696501970,717.88,95596835957,4.0,95596833667.0,945364970.0,732.8,717.26,-6.328702795548907,-0.87388,-839159308.8747711,-0.87017,133160801.2,133160792.93,200000000.0,1369.99,-47.59985,2025-10-13T00:41:24.000Z,0.0398177,1802810.93524,2017-10-18T16:00:00.000Z,2026-09-15 07:24:20+00:00,Outlier,Outlier,Large Cap,0.87388,1.0000000621053675
ripple,xrp,XRP,https://coin-images.coingecko.com/coins/images/44/large/xrp-symbol-white-128.png?1696501442,1.4,88117248463,5.0,140117185599.0,4279527581.0,1.49,1.38,0.01341834,0.96674,841152096.0,0.96378,62879209849.0,99985622230.0,100000000000.0,3.65,-61.56695,2025-07-17T19:40:53.000Z,0.00268621,52070.75932,2014-05-21T16:00:00.000Z,2026-09-15 07:24:20+00:00,Outlier,Outlier,Large Cap,0.96674,0.6288825177719755
usd-coin,usdc,USDC,https://coin-images.coingecko.com/coins/images/6319/large/USDC.png?1769615602,0.999863,74332783425,6.0,74354844318.0,17788156310.0,1.0,0.999711,6.994e-05,0.007,119066140.0,0.16044,74342604571.70761,74345196247.6967,,1.043,-4.17854,2018-11-14T16:00:00.000Z,0.877647,13.92546,2023-03-11T00:02:13.000Z,2026-09-15 07:24:20+00:00,Outlier,Outlier,Large Cap,0.007,0.9999651399670739
solana,sol,Solana,https://coin-images.coingecko.com/coins/images/4128/large/solana.png?1718769756,100.89,59225401778,7.0,63975673038.0,3305014618.0,104.76,100.63,-0.6919275226811408,-0.68116,-391225588.3426895,-0.65624,587028229.5229293,634111772.3987602,,293.31,-65.60378,2025-01-19T03:15:27.000Z,0.500801,20045.36683,2020-05-11T11:35:23.000Z,2026-09-15 07:24:20+00:00,Outlier,Outlier,Large Cap,0.68116,0.9257488270597467
tron,trx,TRON,https://coin-images.coingecko.com/coins/images/1094/large/photo_2026-04-13_09-59-16.png?1776048311,0.337669,32060025873,8.0,32060351284.0,435210856.0,0.342048,0.33736,-0.001536920736938896,-0.45309,-145807815.46878815,-0.45274,94950365063.49529,94951371401.18768,,0.431288,-21.70679,2024-12-03T16:10:40.000Z,0.00180434,18614.27618,2017-11-11T16:00:00.000Z,2026-09-15 07:24:20+00:00,Outlier,Outlier,Large Cap,0.45309,0.9999894015465227
figure-heloc,figr_heloc,Figure Heloc,https://coin-images.coingecko.com/coins/images/68480/large/figure.png?1755863954,1.028,23192163457,9.0,23192163457.0,26458776.0,1.048,1.006,-0.000464405387685683,,-2521028.344390087,,22558008629.268,22558008629.268,,1.061,-3.05692,2026-08-03T14:19:20.000Z,0.155357,561.7788,2025-10-31T06:27:24.000Z,2026-09-15 07:24:20+00:00,Normal,Normal,Large Cap,,1.0
zcash,zec,Zcash,https://coin-images.coingecko.com/coins/images/486/large/Brandmark-Yellow_%281%29.png?1785810558,1147.47,19440877023,10.0,19441689688.0,928604468.0,1222.73,1114.4,7.4,0.64933,139037325.0,0.72033,16932570.4780448,16933343.9155448,21000000.0,3191.93,-64.05088,2016-10-28T16:00:00.000Z,16.08,7035.952,2024-07-04T20:22:29.000Z,2026-09-15 07:24:20+00:00,Outlier,Outlier,Large Cap,0.64933,0.9999543245856307
hyperliquid,hype,Hyperliquid,https://coin-images.coingecko.com/coins/images/50882/large/hyperliquid.jpg?1729431300,79.16,17611545227,11.0,75633886249.0,759532793.0,82.38,78.86,-0.724486844239081,-0.90695,-157839945.14704132,-0.88827,222445714.07414138,955307079.4341414,1000000000.0,89.6,-11.65471,2026-09-06T12:28:40.000Z,3.81,1978.30991,2024-11-29T01:30:30.000Z,2026-09-15 07:24:20+00:00,Outlier,Outlier,Large Cap,0.90695,0.23285257574549015
dogecoin,doge,Dogecoin,https://coin-images.coingecko.com/coins/images/5/large/dogecoin.png?1696501409,0.082839,12917367595,12.0,14219091794.0,602231807.0,0.086033,0.082505,-0.001507175948490411,-1.78689,-232866855.53591156,-1.77082,155921316383.70523,171634393126.5791,,0.731578,-88.67665,2021-05-07T21:08:23.000Z,8.69e-05,95222.83738,2015-05-05T16:00:00.000Z,2026-09-15 07:24:20+00:00,Normal,Normal,Large Cap,1.78689,0.9084503026658206
usds,usds,USDS,https://coin-images.coingecko.com/coins/images/39926/large/usds.webp?1726666683,0.999744,9860453198,13.0,9862824197.0,127586717.0,0.999922,0.999576,2.241e-05,0.00224,15564978.0,0.1581,9862932485.58075,9864336252.646338,,1.057,-5.4457,2024-10-28T21:40:51.000Z,0.948265,5.4287,2024-10-03T05:19:28.000Z,2026-09-15 07:24:20+00:00,Normal,Normal,Mid Cap,0.00224,0.9998576926992719
monero,xmr,Monero,https://coin-images.coingecko.com/coins/images/69/large/monero_logo.png?1696501460,514.29,9673838894,14.0,9673881798.0,124321761.0,519.23,508.74,7.43,1.46517,142530782.0,1.4954,18804784.39672368,18804882.79667905,,797.73,-35.53102,2026-01-14T11:34:07.000Z,0.216177,237803.34289,2015-01-13T16:00:00.000Z,2026-09-15 07:24:20+00:00,Normal,Normal,Mid Cap,1.46517,0.9999947673188696
rain,rain,Rain,https://coin-images.coingecko.com/coins/images/69134/large/Rain_logo_1_.png?1762952191,0.01341243,9514765177,15.0,15326257429.0,21991199.0,0.01520671,0.01334285,-0.001716428582702274,-11.3454,-1214901010.664053,-11.32282,709223952533.2876,1142408526965.963,1150000000000.0,0.01946402,-31.0912,2026-08-25T19:53:00.000Z,0.00222126,503.82088,2025-09-14T00:56:57.000Z,2026-09-15 07:24:20+00:00,Normal,Normal,Mid Cap,11.3454,0.6208146523703411
whitebit,wbt,WhiteBIT Coin,https://coin-images.coingecko.com/coins/images/27045/large/wbt_token.png?1696526096,79.92,9421409120,16.0,23459771872.0,117900841.0,82.67,79.89,-0.6279815554624832,-0.77967,-73314229.3586464,-0.77216,117882016.0,293532015.0,400000000.0,83.22,-3.97222,2026-09-11T14:03:10.000Z,3.06,2510.19795,2023-02-13T11:01:21.000Z,2026-09-15 07:24:20+00:00,Normal,Normal,Mid Cap,0.77967,0.4015984968453952
chainlink,link,Chainlink,https://coin-images.coingecko.com/coins/images/877/large/Chainlink_Logo_500.png?1760023405,11.42,8545671079,17.0,11423167246.0,368990439.0,11.95,11.25,0.01289113,0.11298,9656685.0,0.11313,748099970.424884,1000000000.0,1000000000.0,52.7,-78.32271,2021-05-09T16:13:57.000Z,0.148183,7608.83338,2017-11-28T16:00:00.000Z,2026-09-15 07:24:20+00:00,Normal,Normal,Mid Cap,0.11298,0.748099970424884
leo-token,leo,LEO Token,https://coin-images.coingecko.com/coins/images/8418/large/leo-token.png?1696508607,8.96,8241897531,18.0,8827715085.0,204843.0,9.0,8.92,-0.001546066998649565,-0.01725,-1448238.561307907,-0.01757,919857851.9,985239504.0,,10.61,-15.57689,2026-05-04T09:35:00.000Z,0.799859,1020.19681,2019-12-24T07:14:35.000Z,2026-09-15 07:24:20+00:00,Normal,Normal,Mid Cap,0.01725,0.9336388240275026
cardano,ada,Cardano,https://coin-images.coingecko.com/coins/images/975/large/cardano.png?1696502090,0.204795,7683201759,19.0,9215731722.0,407556463.0,0.215603,0.203343,-0.004605250655961374,-2.19926,-172801871.76232433,-2.19962,37516725700.17653,45000000000.0,45000000000.0,3.09,-93.36571,2021-09-01T22:00:10.000Z,0.01925275,963.71721,2020-03-12T18:22:55.000Z,2026-09-15 07:24:20+00:00,Normal,Normal,Mid Cap,2.19926,0.8337050155594784
stellar,xlm,Stellar,https://coin-images.coingecko.com/coins/images/100/large/fmpFRHHQ_400x400.jpg?1735231350,0.192756,6712874136,20.0,9634135308.0,378456241.0,0.196711,0.183299,0.00808093,4.37575,279948158.0,4.3518,34840251968.118744,50001786839.70248,,0.875563,-77.98491,2018-01-02T16:00:00.000Z,0.00047612,40384.45623,2015-03-04T16:00:00.000Z,2026-09-15 07:24:20+00:00,Normal,Normal,Mid Cap,4.37575,0.6967801386740613
ethena-usde,usde,Ethena USDe,https://coin-images.coingecko.com/coins/images/33613/large/usde.png?1733810059,0.999726,4676802362,21.0,4676802362.0,45183017.0,0.999955,0.999481,0.00018081,0.01809,77294768.0,1.6805,4678062503.919102,4678062503.919102,,1.034,-3.31689,2025-12-09T09:10:12.000Z,0.929486,7.5569,2024-10-03T23:57:15.000Z,2026-09-15 07:24:20+00:00,Normal,Normal,Mid Cap,0.01809,1.0
dai,dai,Dai,https://coin-images.coingecko.com/coins/images/9956/large/Badge_Dai.png?1696509996,0.999966,4587493065,22.0,4587605624.0,269379606.0,1.0,0.999684,-0.000120085965039873,-0.01201,-142596.66545009613,-0.00311,4587627178.87706,4593948905.203031,,1.22,-17.96362,2020-03-12T19:02:50.000Z,0.88196,13.38004,2023-03-10T23:50:50.000Z,2026-09-15 07:24:20+00:00,Normal,Normal,Mid Cap,0.01201,0.9986239014720406
bitcoin-cash,bch,Bitcoin Cash,https://coin-images.coingecko.com/coins/images/780/large/bitcoin-cash-circle.png?1696501932,221.71,4455282422,23.0,4455280343.0,122507106.0,230.06,220.2,-0.6506256488811175,-0.2926,-11687014.90158081,-0.26163,20089287.39665077,20089299.89665077,21000000.0,3785.82,-94.1437,2017-12-19T16:00:00.000Z,76.93,188.17795,2018-12-15T16:00:00.000Z,2026-09-15 07:24:20+00:00,Normal,Normal,Mid Cap,0.2926,0.999999377778217
usd1-wlfi,usd1,USD1,https://coin-images.coingecko.com/coins/images/54977/large/USD1_1000x1000_transparent.png?1749297002,0.999673,4345206129,24.0,4345206129.0,1075977438.0,0.999894,0.999419,6.844e-05,0.00685,24302865.0,0.56245,4346607630.801131,4346607630.726874,,1.048,-4.60515,2026-07-09T10:14:50.000Z,0.988762,1.10349,2026-07-09T09:13:20.000Z,2026-09-15 07:24:20+00:00,Normal,Normal,Mid Cap,0.00685,1.000000000017084
uniswap,uni,Uniswap,https://coin-images.coingecko.com/coins/images/12504/large/uniswap-logo.png?1720676669,6.64,4135868152,25.0,5909424703.0,555476787.0,6.79,6.22,0.305391,4.82031,187495489.0,4.74868,623212423.7271129,890460420.0329479,1000000000.0,44.92,-85.21503,2021-05-02T21:25:04.000Z,1.03,544.66235,2020-09-16T17:20:38.000Z,2026-09-15 07:24:20+00:00,Normal,Normal,Mid Cap,4.82031,0.6998766140600089
litecoin,ltc,Litecoin,https://coin-images.coingecko.com/coins/images/2/large/litecoin.png?1696501400,52.88,4103917767,26.0,4104066821.0,210067844.0,54.41,52.56,-1.1119544251413274,-2.05944,-86253563.38185406,-2.05847,77608754.39012612,77611698.14760268,84000000.0,410.26,-87.11041,2021-05-09T19:13:07.000Z,1.15,4502.96485,2015-01-13T16:00:00.000Z,2026-09-15 07:24:20+00:00,Normal,Normal,Mid Cap,2.05944,0.9999620706987888
canton-network,cc,Canton,https://coin-images.coingecko.com/coins/images/70468/large/Canton-Ticker_%281%29.png?1762826299,0.095298,3772973621,27.0,3773037510.0,8428938.0,0.099572,0.094793,-0.000361942042003668,-0.37836,-13917628.827182293,-0.36752,39593646304.97053,39594316749.97461,,0.194152,-50.91576,2026-02-03T00:02:08.000Z,0.059024,61.456,2025-12-06T02:32:09.000Z,2026-09-15 07:24:20+00:00,Normal,Normal,Mid Cap,0.37836,0.9999830671404607
the-open-network,gram,Gram (prev. Toncoin),https://coin-images.coingecko.com/coins/images/17980/large/Gram_Circular_Badge.png?1781524778,1.34,3743495164,28.0,7046495176.0,22859166.0,1.37,1.34,-0.01053582933898145,-0.77908,-27109210.787260532,-0.71896,2788755223.4480715,5249377654.813792,,8.25,-83.74275,2024-06-14T16:36:51.000Z,0.519364,158.35645,2021-09-20T16:33:11.000Z,2026-09-15 07:24:20+00:00,Normal,Normal,Mid Cap,0.77908,0.531254447065877
hedera-hashgraph,hbar,Hedera,https://coin-images.coingecko.com/coins/images/3688/large/hbar.png?1696504364,0.077177,3383525145,29.0,3859690564.0,71252889.0,0.0793,0.076057,0.0005047,0.65826,22837238.0,0.67954,43831559670.586975,50000000000.0,50000000000.0,0.569229,-86.44175,2021-09-15T02:40:28.000Z,0.00986111,682.64505,2020-01-02T09:30:24.000Z,2026-09-15 07:24:20+00:00,Normal,Normal,Mid Cap,0.65826,0.8766311934117395
avalanche-2,avax,Avalanche,https://coin-images.coingecko.com/coins/images/12559/large/Avalanche_Circle_RedWhite_Trans.png?1696512369,7.5,3320265002,30.0,3520364931.0,257155866.0,7.79,7.34,0.08203,1.10565,37257518.0,1.13486,442513428.28355074,469182138.293037,720000000.0,144.96,-94.82547,2021-11-21T06:18:56.000Z,2.8,167.79349,2020-12-31T05:15:21.000Z,2026-09-15 07:24:20+00:00,Normal,Normal,Mid Cap,1.10565,0.9431591532735848
global-dollar,usdg,Global Dollar,https://coin-images.coingecko.com/coins/images/51281/large/GDN_USDG_Token_200x200.png?1730484111,1.0,3316002303,31.0,3316001003.0,1339169828.0,1.0,0.999787,0.00016711,0.01671,12090695.0,0.36595,3315934886.450283,3315933586.838922,,1.65,-39.55841,2025-01-29T16:11:05.000Z,0.907561,10.18714,2024-11-11T15:55:50.000Z,2026-09-15 07:24:20+00:00,Normal,Normal,Mid Cap,0.01671,1.0000003919292493
near,near,NEAR Protocol,https://coin-images.coingecko.com/coins/images/10365/large/near.jpg?1696510367,2.39,3116909341,32.0,3116909365.0,352169253.0,2.59,2.39,-0.04233702421215968,-1.74381,-54515423.740979195,-1.71896,1306351908.0,1306351901.0,,20.44,-88.32813,2022-01-16T14:09:45.000Z,0.526762,352.8626,2020-11-04T08:09:15.000Z,2026-09-15 07:24:20+00:00,Normal,Normal,Mid Cap,1.74381,1.0000000053584337
shiba-inu,shib,Shiba Inu,https://coin-images.coingecko.com/coins/images/11939/large/shiba.png?1696511800,5.17e-06,3043046944,33.0,3044373438.0,68429328.0,5.39e-06,5.15e-06,-9.5498073576e-08,-1.81534,-56717475.76891327,-1.82974,589239232074943.9,589496238721205.9,,8.616e-05,-94.00512,2021-10-27T19:54:55.000Z,5.6366e-11,9163376.24478,2020-11-28T03:26:25.000Z,2026-09-15 07:24:20+00:00,Normal,Normal,Mid Cap,1.81534,0.9995640232636267
sui,sui,Sui,https://coin-images.coingecko.com/coins/images/26375/large/sui-ocean-square.png?1727791290,0.710124,2908725030,34.0,7100448320.0,480102937.0,0.747083,0.706064,-0.01362501662928095,-1.88256,-56139185.33064604,-1.89348,4096537146.5409594,10000000000.0,10000000000.0,5.35,-86.71814,2025-01-04T14:56:18.000Z,0.364846,94.63644,2023-10-19T02:40:30.000Z,2026-09-15 07:24:20+00:00,Normal,Normal,Mid Cap,1.88256,0.40965371465409595
paypal-usd,pyusd,PayPal USD,https://coin-images.coingecko.com/coins/images/31212/large/PYUSD_Token_Logo_2x.png?1765987788,0.999945,2872447747,35.0,2872447747.0,96041824.0,1.0,0.999656,0.00018871,0.01888,101459961.0,3.66151,2872591814.2963047,2872591814.296304,,1.021,-2.03698,2023-10-23T14:44:57.000Z,0.959426,4.22326,2024-12-05T14:31:13.000Z,2026-09-15 07:24:20+00:00,Normal,Normal,Mid Cap,0.01888,1.0000000000000002
crypto-com-chain,cro,Cronos,https://coin-images.coingecko.com/coins/images/7310/large/cro_token_logo.png?1696507599,0.057129,2774074227,36.0,5651612651.0,8434065.0,0.060149,0.056855,-0.000976243946363288,-1.68014,-47135293.511041164,-1.67075,48555664784.5506,98922363760.17401,100000000000.0,0.891544,-93.59216,2021-11-23T16:00:00.000Z,0.0121196,371.37473,2019-02-07T16:00:00.000Z,2026-09-15 07:24:20+00:00,Normal,Normal,Mid Cap,1.68014,0.4908461842083381
blackrock-usd-institutional-digital-liquidity-fund,buidl,BlackRock USD Institutional Digital Liquidity Fund,https://coin-images.coingecko.com/coins/images/36291/large/blackrock.png?1711013223,1.0,2726116192,37.0,2726116192.0,0.0,1.0,1.0,0.0,0.0,-24717907.440000057,-0.89856,2726116192.030449,2726116192.030449,,1.0,0.0,2025-02-11T21:00:10.000Z,1.0,0.0,2026-07-23T07:25:00.000Z,2026-09-15 07:24:20+00:00,Normal,Normal,Mid Cap,0.0,1.0
tether-gold,xaut,Tether Gold,https://coin-images.coingecko.com/coins/images/10481/large/logo.png?1774627372,4288.56,2671150399,38.0,3035367861.0,228221529.0,4318.64,4259.22,-31.556718041418208,-0.73046,-19520144.835514545,-0.72548,622823.6595320001,707747.089,,5504.62,-22.09157,2026-01-28T16:00:00.000Z,1447.84,196.20373,2020-03-19T05:45:41.000Z,2026-09-15 07:24:20+00:00,Outlier,Outlier,Mid Cap,0.73046,0.8800087901626114
bittensor,tao,Bittensor,https://coin-images.coingecko.com/coins/images/28452/large/ARUsPeNQ_400x400.jpeg?1696527447,230.44,2613365421,39.0,4839716708.0,149883328.0,241.79,230.06,-4.169651946724429,-1.77725,361670473.0,16.06214,11339645.9251,21000000.0,21000000.0,757.6,-69.58267,2024-03-07T10:45:36.000Z,30.83,647.46497,2023-05-14T00:57:53.000Z,2026-09-15 07:24:20+00:00,Normal,Normal,Mid Cap,1.77725,0.5399831392904763
hashnote-usyc,usyc,Circle USYC,https://coin-images.coingecko.com/coins/images/51054/large/Hashnote_SDYC_200x200.png?1730370965,1.14,2605584295,40.0,2605584295.0,0.0,1.14,1.14,7.625e-05,0.00671,200665.0,0.0077,2291167466.910423,2291167466.910423,,1.14,0.0,2026-09-14T12:05:00.000Z,1.026,10.83002,2024-12-05T14:31:20.000Z,2026-09-15 07:24:20+00:00,Normal,Normal,Mid Cap,0.00671,1.0
memecore,m,MemeCore,https://coin-images.coingecko.com/coins/images/53247/large/square-bg-transparent.png?1752637478,1.12,2534429671,41.0,6037174735.0,2390748.0,1.15,1.073,-0.023273814292514183,-2.04082,-57279497.43007517,-2.21011,2272969196.5350146,5414359043.04224,10000000000.0,5.64,-80.20442,2026-07-02T04:14:00.000Z,0.04746135,2253.79466,2025-07-03T19:56:17.000Z,2026-09-15 07:24:20+00:00,Normal,Normal,Mid Cap,2.04082,0.4198039284919439
ripple-usd,rlusd,Ripple USD,https://coin-images.coingecko.com/coins/images/39651/large/RLUSD_200x200_%281%29.png?1727376633,1.0,2373471103,42.0,2373471103.0,290023669.0,1.0,0.999817,4.787e-05,0.00479,-49313163.505800724,-2.03539,2373406353.107542,2373406353.107541,,1.073,-6.78553,2024-12-26T02:45:52.000Z,0.962292,3.92082,2024-12-17T20:40:40.000Z,2026-09-15 07:24:20+00:00,Normal,Normal,Mid Cap,0.00479,1.0000000000000004
okb,okb,OKB,https://coin-images.coingecko.com/coins/images/4463/large/WeChat_Image_20220118095654.png?1696505053,112.85,2369994209,43.0,2369994209.0,16438651.0,114.57,112.37,-1.1491583127561995,-1.00806,-23940425.238300323,-1.00005,21000000.0,21000000.0,21000000.0,228.74,-50.66538,2025-10-04T16:00:00.000Z,0.580608,19336.1307,2019-01-13T16:00:00.000Z,2026-09-15 07:24:20+00:00,Normal,Normal,Mid Cap,1.00806,1.0
ondo-us-dollar-yield,usdy,Ondo US Dollar Yield,https://coin-images.coingecko.com/coins/images/31700/large/usdy_%281%29.png?1696530524,1.14,2230957527,44.0,2230957527.0,4495872.0,1.15,1.14,0.00221406,0.19378,9374418.0,0.42197,1948871467.621056,1948871476.349003,,1.26,-9.36301,2024-03-26T21:24:08.000Z,0.934184,22.54408,2024-01-14T03:40:50.000Z,2026-09-15 07:24:20+00:00,Normal,Normal,Mid Cap,0.19378,0.999999995521538
aave,aave,Aave,https://coin-images.coingecko.com/coins/images/12645/large/aave-token-round.png?1720472354,127.25,1964321330,45.0,2037186957.0,233533927.0,133.48,124.84,0.925129,0.73234,15419666.0,0.7912,15427715.742630178,16000000.0,16000000.0,661.69,-80.76877,2021-05-18T13:19:59.000Z,26.02,388.99219,2020-11-05T01:20:11.000Z,2026-09-15 07:24:20+00:00,Normal,Normal,Mid Cap,0.73234,0.9642322339143862
mantle,mnt,Mantle,https://coin-images.coingecko.com/coins/images/30980/large/MNT_Token_Logo.png?1765516974,0.57134,1886782994,46.0,3553438852.0,24985457.0,0.581183,0.560918,0.00654623,1.15905,21667208.0,1.16171,3302294382.53684,6219316794.889999,6219316794.89,2.86,-79.98848,2025-10-08T17:04:46.000Z,0.307978,85.5136,2023-10-17T18:50:46.000Z,2026-09-15 07:24:20+00:00,Normal,Normal,Mid Cap,1.15905,0.5309738177753087
bitway,btw,Bitway,https://coin-images.coingecko.com/coins/images/71205/large/BTW_Token_200x200.png?1786291907,0.690694,1867556859,47.0,6896081023.0,41479629.0,0.782873,0.550861,-0.07065569147096906,-9.28032,-194285755.405658,-9.42292,2708142280.000001,10000000000.0,10000000000.0,0.782873,-11.7745,2026-09-14T10:05:20.000Z,0.00911805,7475.01662,2026-03-03T06:55:24.000Z,2026-09-15 07:24:20+00:00,Normal,Normal,Mid Cap,9.28032,0.2708142280000001
aster-2,aster,Aster,https://coin-images.coingecko.com/coins/images/69040/large/_ASTER.png?1757326782,0.688504,1861425205,48.0,5372086234.0,80855962.0,0.70981,0.686674,-0.009458039517751371,-1.35509,-25912493.507491827,-1.37297,2704071066.7997313,7803968119.651995,8000000000.0,2.41,-71.4164,2025-09-24T03:18:14.000Z,0.099713,590.48195,2025-09-17T04:05:36.000Z,2026-09-15 07:24:20+00:00,Normal,Normal,Mid Cap,1.35509,0.34649950196366447
pax-gold,paxg,PAX Gold,https://coin-images.coingecko.com/coins/images/9519/large/asset-paxg.png?1785284785,4291.11,1857735546,49.0,1857735546.0,143486682.0,4322.66,4266.85,-33.7934571042897,-0.78137,-14542961.110866547,-0.77675,432906.598539,432906.598539,,5619.09,-23.63341,2026-01-28T22:30:56.000Z,1399.64,206.58622,2019-11-17T19:09:35.000Z,2026-09-15 07:24:20+00:00,Outlier,Outlier,Mid Cap,0.78137,1.0
world-liberty-financial,wlfi,World Liberty Financial,https://coin-images.coingecko.com/coins/images/50767/large/wlfi.png?1756438915,0.057131,1815347886,50.0,5712710025.0,31484163.0,0.058603,0.056928,-0.000285482021863882,-0.49721,-9190462.864009857,-0.50371,31777350471.0,100000000000.0,100000000000.0,0.331336,-82.75739,2025-09-01T04:20:09.000Z,0.04828182,18.32812,2026-09-11T10:24:10.000Z,2026-09-15 07:24:20+00:00,Normal,Normal,Mid Cap,0.49721,0.31777350471
ondo-finance,ondo,Ondo,https://coin-images.coingecko.com/coins/images/26580/large/ONDO.png?1696525656,0.350329,1705824368,51.0,3503200937.0,95407014.0,0.365023,0.348857,-0.007391422290675131,-2.06626,-36034769.773082495,-2.06875,4869330647.0,10000000000.0,10000000000.0,2.14,-83.63068,2024-12-15T16:36:00.000Z,0.082171,326.34149,2024-01-18T04:14:30.000Z,2026-09-15 07:24:20+00:00,Normal,Normal,Mid Cap,2.06626,0.4869330647
polkadot,dot,Polkadot,https://coin-images.coingecko.com/coins/images/12171/large/polkadot.jpg?1766533446,0.993378,1691573427,52.0,1691589484.0,137847651.0,1.036,0.986282,-0.026687700573762907,-2.61627,-45269045.36458063,-2.6064,1702823214.54445,1702842951.539795,2100000000.0,54.98,-98.19317,2021-11-04T06:10:09.000Z,0.727004,36.63987,2026-08-18T02:57:10.000Z,2026-09-15 07:24:20+00:00,Normal,Normal,Mid Cap,2.61627,0.9999884093860053
pump-fun,pump,Pump.fun,https://coin-images.coingecko.com/coins/images/67164/large/pump.jpg?1751949376,0.00359671,1685281807,53.0,3000063193.0,111833862.0,0.00380079,0.00357393,-4.0691128917673e-05,-1.11869,-19525217.98188758,-1.1453,468511668124.63293,834018560749.023,1000000000000.0,0.00881908,-59.21678,2025-09-14T08:42:40.000Z,0.00115473,211.47699,2026-06-25T17:04:20.000Z,2026-09-15 07:24:20+00:00,Normal,Normal,Mid Cap,1.11869,0.561752088231547
usdd,usdd,USDD,https://coin-images.coingecko.com/coins/images/25380/large/UUSD.jpg?1696524513,0.999151,1523828844,54.0,1526397399.0,3145212.0,0.999766,0.998611,0.00023799,0.02382,-2548453.420184374,-0.16696,1525116421.0,1520300414.0,,1.24,-19.56656,2026-07-09T09:35:10.000Z,0.928067,7.65931,2022-06-19T08:15:11.000Z,2026-09-15 07:24:20+00:00,Normal,Normal,Mid Cap,0.02382,1.0031677995714865
htx-dao,htx,HTX DAO,https://coin-images.coingecko.com/coins/images/35491/large/Frame_1321318576.png?1708908626,1.69e-06,1522334382,55.0,1522334382.0,57658096.0,1.71e-06,1.69e-06,-3.656271251e-09,-0.2153,-3030426.831392765,-0.19867,898232728634017.2,898232728634017.2,999990000000000.0,3.75e-06,-54.83061,2024-12-03T16:16:20.000Z,8.00816e-07,111.60016,2024-08-05T05:31:33.000Z,2026-09-15 07:24:20+00:00,Normal,Normal,Mid Cap,0.2153,1.0
morpho,morpho,Morpho,https://coin-images.coingecko.com/coins/images/29837/large/Morpho-token-icon.png?1726771230,2.15,1482673671,56.0,2151534597.0,17003540.0,2.23,2.15,-0.07535906832165118,-3.38653,-50697448.5148983,-3.30627,689123787.4405665,1000000000.0,1000000000.0,4.17,-48.45105,2025-01-17T04:46:19.000Z,0.713151,201.46535,2024-11-24T17:55:43.000Z,2026-09-15 07:24:20+00:00,Normal,Normal,Mid Cap,3.38653,0.6891237874405666
sky,sky,Sky,https://coin-images.coingecko.com/coins/images/39925/large/sky.jpg?1724827980,0.063244,1481473584,57.0,1483578619.0,14410869.0,0.065204,0.062163,0.00037639,0.5987,8598525.0,0.58379,23426517314.597916,23459804203.60596,23462665147.3,0.100535,-37.09277,2024-12-04T02:13:57.000Z,0.03582727,76.52455,2025-02-02T21:01:48.000Z,2026-09-15 07:24:20+00:00,Normal,Normal,Mid Cap,0.5987,0.9985811096836466
internet-computer,icp,Internet Computer,https://coin-images.coingecko.com/coins/images/14495/large/Internet_Computer_logo.png?1696514180,2.61,1454741281,58.0,1454743651.0,43977632.0,2.81,2.59,-0.1893470026603774,-6.75778,-105410855.88375092,-6.75645,556833105.9605074,556834013.1940131,,700.65,-99.62712,2021-05-10T08:05:53.000Z,2.0,30.45392,2026-08-01T20:31:10.000Z,2026-09-15 07:24:20+00:00,Normal,Normal,Mid Cap,6.75778,0.9999983707290068
pepe,pepe,Pepe,https://coin-images.coingecko.com/coins/images/29850/large/pepe-token.jpeg?1696528776,3.41e-06,1436723870,59.0,1436723870.0,197457914.0,3.58e-06,3.39e-06,-3.5360821976e-08,-1.02491,-14718727.429062128,-1.01408,420690000000000.0,420690000000000.0,420690000000000.0,2.803e-05,-87.8166,2024-12-09T08:30:35.000Z,5.5142e-08,6092.67153,2023-04-17T18:14:41.000Z,2026-09-15 07:24:20+00:00,Normal,Normal,Mid Cap,1.02491,1.0
ethena,ena,Ethena,https://coin-images.coingecko.com/coins/images/36530/large/ethena.png?1711701436,0.140877,1422148710,60.0,2113082745.0,291272344.0,0.148653,0.13813,0.00027157,0.19314,2692952.0,0.18972,10095312500.0,15000000000.0,15000000000.0,1.52,-90.71774,2024-04-11T05:15:15.000Z,0.070228,100.5981,2026-06-30T15:44:00.000Z,2026-09-15 07:24:20+00:00,Normal,Normal,Mid Cap,0.19314,0.6730208333333333
usdgo,usdgo,USDGO,https://coin-images.coingecko.com/coins/images/102172077/large/USDGO_%287%29.png?1771437018,1.0,1391910927,61.0,1391910927.0,34361263.0,1.0,0.999933,1.597e-05,0.0016,9060846.0,0.65523,1391792098.16,1391792098.16,,1.002,-0.23457,2026-03-11T00:04:22.000Z,0.999259,0.07997,2026-05-13T20:34:00.000Z,2026-09-15 07:24:20+00:00,Normal,Normal,Mid Cap,0.0016,1.0
spiko-amundi-overnight-swap-fund-eur,eursafo,Spiko Amundi Overnight Swap Fund (EUR),https://coin-images.coingecko.com/coins/images/102172591/large/Fund_eurSAF0.png?1774104814,1.17,1375377580,62.0,1375377580.0,0.0,1.17,1.17,-0.001906073785141738,-0.16291,46302712.0,3.48383,1177453283.40974,1177453283.40974,,1.18,-1.32352,2026-08-21T11:35:00.000Z,1.15,1.21247,2026-07-30T07:40:10.000Z,2026-09-15 07:24:20+00:00,Normal,Normal,Mid Cap,0.16291,1.0
bitget-token,bgb,Bitget Token,https://coin-images.coingecko.com/coins/images/11610/large/Bitget_logo.png?1736925727,1.93,1349172015,63.0,1755718494.0,10953569.0,1.96,1.92,-0.008735593364784355,-0.45119,-6101217.620779514,-0.45018,699992029.6481038,910920874.6481038,2000000000.0,8.45,-77.19152,2024-12-27T03:41:24.000Z,0.0142795,13397.60542,2020-06-24T20:17:05.000Z,2026-09-15 07:24:20+00:00,Normal,Normal,Mid Cap,0.45119,0.7684443831836837
worldcoin-wld,wld,Worldcoin,https://coin-images.coingecko.com/coins/images/31069/large/worldcoin.jpeg?1696529903,0.375148,1348392022,64.0,3751526174.0,146701526.0,0.399039,0.37297,-0.008723352749870794,-2.27247,-30791580.036185026,-2.23259,3594249271.944615,10000000000.0,10000000000.0,11.74,-96.8047,2024-03-09T16:10:42.000Z,0.229961,63.13541,2026-05-18T15:06:00.000Z,2026-09-15 07:24:20+00:00,Normal,Normal,Mid Cap,2.27247,0.3594249271944615
falcon-finance,usdf,Falcon USD,https://coin-images.coingecko.com/coins/images/54558/large/ff_200_X_200.png?1740741076,0.996389,1339685479,65.0,1339685479.0,798464.0,0.997106,0.996085,-0.00066214859603142,-0.06641,-867028.3411080837,-0.06468,1344538647.167318,1344538647.167318,,1.075,-7.27663,2025-05-08T13:25:42.000Z,0.943422,5.6143,2025-07-08T02:16:34.000Z,2026-09-15 07:24:20+00:00,Normal,Normal,Mid Cap,0.06641,1.0
united-stables,u,United Stables,https://coin-images.coingecko.com/coins/images/71157/large/united-stables-logo.jpg?1766061640,0.999815,1321405912,66.0,1321405912.0,202809450.0,1.0,0.999415,0.00030858,0.03087,34791190.0,2.70409,1321644107.8,1321644107.8,,1.008,-0.79024,2026-02-05T13:06:07.000Z,0.968158,3.26981,2025-12-20T16:47:20.000Z,2026-09-15 07:24:20+00:00,Normal,Normal,Mid Cap,0.03087,1.0
bfusd,bfusd,BFUSD,https://coin-images.coingecko.com/coins/images/68227/large/bfusd.png?1755132827,0.999643,1319534706,67.0,1319534706.0,5132620.0,0.999887,0.999258,4.216e-05,0.00422,61886.0,0.00469,1320000000.0,1320000000.0,,1.007,-0.72316,2025-10-10T13:40:40.000Z,0.996931,0.27203,2026-07-29T19:14:40.000Z,2026-09-15 07:24:20+00:00,Normal,Normal,Mid Cap,0.00422,1.0
ethereum-classic,etc,Ethereum Classic,https://coin-images.coingecko.com/coins/images/453/large/ethereum-classic-logo.png?1696501717,7.43,1175961832,68.0,1175967607.0,43932676.0,7.76,7.41,-0.20686729023024242,-2.70754,-32462919.951399088,-2.68638,158171835.2267235,158172958.5547235,210700000.0,167.09,-95.55104,2021-05-06T10:34:22.000Z,0.615038,1108.63335,2016-07-24T16:00:00.000Z,2026-09-15 07:24:20+00:00,Normal,Normal,Mid Cap,2.70754,0.9999928981033782
lighter,lit,Lighter,https://coin-images.coingecko.com/coins/images/71121/large/lighter.png?1765888098,4.4,1100070743,69.0,4400282973.0,92820521.0,4.63,4.31,-0.16340006049255695,-3.58112,-40633941.52655196,-3.56218,250000000.0,1000000000.0,1000000000.0,7.86,-44.02633,2025-12-30T01:05:21.000Z,0.779399,464.46319,2026-03-31T09:55:00.000Z,2026-09-15 07:24:20+00:00,Normal,Normal,Mid Cap,3.58112,0.25
pi-network,pi,Pi Network,https://coin-images.coingecko.com/coins/images/54342/large/pi_network.jpg?1739347576,0.097405,1090155900,70.0,1677162934.0,5106999.0,0.098671,0.096938,6.28e-05,0.06451,595743.0,0.05468,11193100465.950268,17220154677.58503,100000000000.0,2.99,-96.73969,2025-02-26T08:41:03.000Z,0.070586,37.99501,2026-07-14T02:37:30.000Z,2026-09-15 07:24:20+00:00,Normal,Normal,Mid Cap,0.06451,0.6499999956748355
venice-token,vvv,Venice Token,https://coin-images.coingecko.com/coins/images/54023/large/VVV_Token_Transparent.png?1741856877,22.06,1058353120,71.0,1786533014.0,38294183.0,23.28,21.83,-0.7822960475320251,-3.42512,-37006081.84943676,-3.37844,47973469.70505339,81011997.80846003,,29.19,-24.42449,2026-09-09T07:42:00.000Z,0.91975,2298.22696,2025-12-01T10:55:48.000Z,2026-09-15 07:24:20+00:00,Normal,Normal,Mid Cap,3.42512,0.5921773441321497
polygon-ecosystem-token,pol,POL (ex-MATIC),https://coin-images.coingecko.com/coins/images/32440/large/pol.png?1759114181,0.095904,1027939854,72.0,1027939854.0,59284217.0,0.098615,0.095649,-6.8516459340792e-05,-0.07139,-320803.3854191303,-0.0312,10714685269.72835,10714685269.72835,,1.29,-92.55149,2024-03-13T10:55:06.000Z,0.067711,41.63732,2026-07-01T01:13:30.000Z,2026-09-15 07:24:20+00:00,Normal,Normal,Mid Cap,0.07139,1.0
gatechain-token,gt,Gate,https://coin-images.coingecko.com/coins/images/8183/large/200X200.png?1735246724,9.32,994499305,73.0,1108763805.0,3184804.0,9.42,9.17,0.133275,1.45004,14472804.0,1.47678,106628593.54849772,118879867.64936632,142622844.0,25.38,-63.26329,2025-01-25T16:00:00.000Z,0.25754,3520.55999,2020-03-12T18:18:02.000Z,2026-09-15 07:24:20+00:00,Normal,Normal,Small Cap,1.45004,0.896944080245753
blockchain-capital,bcap,Blockchain Capital,https://coin-images.coingecko.com/coins/images/56040/large/bcap_logo_200.png?1748088291,106.54,970804306,74.0,970804306.0,0.0,106.54,106.49,0.05,0.04695,455606.0,0.04695,9112111.0,9112111.0,,106.54,0.0,2026-09-15T03:30:00.000Z,17.76,499.88739,2025-06-02T12:50:02.000Z,2026-09-15 07:24:20+00:00,Normal,Normal,Small Cap,0.04695,1.0
kaspa,kas,Kaspa,https://coin-images.coingecko.com/coins/images/25751/large/kaspa-icon-exchanges.png?1696524837,0.03426072,949179146,75.0,949204817.0,10811165.0,0.03532002,0.03324669,0.00035406,1.04421,10005810.0,1.06538,27700473315.667053,27701275695.90486,28704026601.0,0.207411,-83.48173,2024-07-31T16:40:47.000Z,0.00017105,19929.69908,2022-05-26T06:42:59.000Z,2026-09-15 07:24:20+00:00,Normal,Normal,Small Cap,1.04421,0.9999710345383868
kucoin-shares,kcs,KuCoin,https://coin-images.coingecko.com/coins/images/1047/large/sa9z79.png?1696502152,6.9,945882744,76.0,980364994.0,3995606.0,7.13,6.89,-0.07786730860687374,-1.11649,-10677160.967417598,-1.1162,137155021.2773955,142155021.2773955,,28.83,-76.07889,2021-12-01T07:09:35.000Z,0.342863,1911.42394,2019-02-06T16:00:00.000Z,2026-09-15 07:24:20+00:00,Normal,Normal,Small Cap,1.11649,0.9648271305855373
just,jst,JUST,https://coin-images.coingecko.com/coins/images/11095/large/JUST.jpg?1696511035,0.115255,943950702,77.0,943950702.0,22771852.0,0.115922,0.112465,0.00146326,1.28591,12143202.0,1.30319,8188743036.341737,8188743036.341737,9900000000.0,0.193254,-40.36117,2021-04-04T20:34:23.000Z,0.00476275,2319.91693,2020-05-08T22:08:54.000Z,2026-09-15 07:24:20+00:00,Normal,Normal,Small Cap,1.28591,1.0
quant-network,qnt,Quant,https://coin-images.coingecko.com/coins/images/3370/large/5ZOu7brX_400x400.jpg?1696504070,63.67,926554452,78.0,930906660.0,7532393.0,65.02,63.46,-0.0462204281909635,-0.07254,-105838.75883185863,-0.01142,14544176.164081175,14612493.0,14612493.0,427.42,-85.10437,2021-09-11T01:15:00.000Z,0.215773,29406.55327,2018-08-22T16:00:00.000Z,2026-09-15 07:24:20+00:00,Normal,Normal,Small Cap,0.07254,0.9953247651910714
arbitrum,arb,Arbitrum,https://coin-images.coingecko.com/coins/images/16547/large/arb.jpg?1721358242,0.13383,893696393,79.0,1338254315.0,148463475.0,0.142061,0.131607,-0.00280139713917163,-2.05033,-18739548.136012673,-2.05379,6678075931.0,10000000000.0,10000000000.0,2.39,-94.40108,2024-01-12T04:29:59.000Z,0.07048,89.88413,2026-06-26T13:20:40.000Z,2026-09-15 07:24:20+00:00,Normal,Normal,Small Cap,2.05033,0.6678075931
algorand,algo,Algorand,https://coin-images.coingecko.com/coins/images/4380/large/download.png?1696504978,0.096108,868899769,80.0,868907452.0,38312231.0,0.098229,0.093946,-0.000816322991107191,-0.84223,-7366690.963542342,-0.84069,9041305867.480665,9041391297.473774,10000000000.0,3.56,-97.30122,2019-06-20T06:51:19.000Z,0.075732,26.90506,2026-07-29T20:10:10.000Z,2026-09-15 07:24:20+00:00,Normal,Normal,Small Cap,0.84223,0.9999905512337318
cosmos,atom,Cosmos Hub,https://coin-images.coingecko.com/coins/images/1481/large/cosmos_hub.png?1696502525,1.59,842817708,81.0,842882701.0,51068180.0,1.62,1.53,-0.01979542407370838,-1.23125,-10268777.021200657,-1.20372,530755609.732035,530802503.328757,,43.84,-96.37826,2021-09-19T16:00:00.000Z,1.16,36.88645,2020-03-12T18:27:44.000Z,2026-09-15 07:24:20+00:00,Normal,Normal,Small Cap,1.23125,0.9999116552834096
eutbl,eutbl,Spiko EU T-Bills Money Market Fund,https://coin-images.coingecko.com/coins/images/39657/large/EUTBL.png?1723517425,1.22,829575548,82.0,829575548.0,0.0,1.22,1.22,-0.002000225009476164,-0.1635,-47372845.87226534,-5.40201,679196801.73762,679196801.73762,,1.26,-3.14116,2026-01-27T13:00:08.000Z,1.011,20.81927,2024-08-15T01:45:23.000Z,2026-09-15 07:24:20+00:00,Normal,Normal,Small Cap,0.1635,1.0
nexo,nexo,NEXO,https://coin-images.coingecko.com/coins/images/3695/large/CG-nexo-token-200x200_2x.png?1730414360,0.807965,808281172,83.0,808281172.0,5190233.0,0.838348,0.805295,-0.024415080427477975,-2.93317,-24098473.988304615,-2.89513,1000000000.0,1000000000.0,1000000000.0,4.07,-80.13839,2021-05-12T06:37:47.000Z,0.04515276,1689.40232,2018-09-12T16:00:00.000Z,2026-09-15 07:24:20+00:00,Normal,Normal,Small Cap,2.93317,1.0
jupiter-exchange-solana,jup,Jupiter,https://coin-images.coingecko.com/coins/images/34188/large/jup.png?1704266489,0.236505,785014967,84.0,1622708940.0,61533468.0,0.246898,0.233096,-0.00049884789063645,-0.21048,-1686940.7418456078,-0.21443,3319369204.37,6861487116.356125,10000000000.0,2.0,-88.17485,2024-01-31T07:02:47.000Z,0.135801,74.15537,2026-02-12T10:35:44.000Z,2026-09-15 07:24:20+00:00,Normal,Normal,Small Cap,0.21048,0.4837681902014254
superstate-short-duration-us-government-securities-fund-ustb,ustb,Invesco Short Duration US Government Securities Fund,https://coin-images.coingecko.com/coins/images/35012/large/Invesco_icon_lg.png?1780816895,11.21,754268245,85.0,753865870.0,0.0,11.21,11.21,0.001089,0.00972,-50671739.81544006,-6.2951,67289810.814684,67284070.7602,,11.21,0.0,2026-09-14T14:00:00.000Z,10.29,8.92543,2025-02-26T01:55:09.000Z,2026-09-15 07:24:20+00:00,Normal,Normal,Small Cap,0.00972,1.0000853107491736
filecoin,fil,Filecoin,https://coin-images.coingecko.com/coins/images/12817/large/filecoin.png?1696512609,0.895262,740978431,86.0,1751763806.0,235184386.0,1.033,0.881785,-0.10665991054245483,-10.64553,-88402308.2712121,-10.65883,827813309.0,1957052047.0,,236.84,-99.62199,2021-04-01T05:29:41.000Z,0.612413,46.18591,2026-08-18T03:52:30.000Z,2026-09-15 07:24:20+00:00,Normal,Normal,Small Cap,10.64553,0.42298993032350357
pancakeswap-token,cake,PancakeSwap,https://coin-images.coingecko.com/coins/images/12632/large/pancakeswap-cake-logo_%281%29.png?1696512440,2.3,734562844,87.0,761386483.0,83145455.0,2.4,2.28,-0.007932509014330957,-0.34379,-140583096.24587655,-16.06396,319428976.9397183,331093394.0100838,400000000.0,43.96,-94.76982,2021-04-30T02:08:22.000Z,0.194441,1082.58729,2020-11-03T06:29:34.000Z,2026-09-15 07:24:20+00:00,Normal,Normal,Small Cap,0.34379,0.9647700096667884
stable-2,stable,​​Stable,https://coin-images.coingecko.com/coins/images/69242/large/stable-logotype-framed-square-light.png?1762753913,0.02780917,732503363,88.0,2781582920.0,9163252.0,0.02947948,0.02775574,-0.001109991705516036,-3.83826,-28211363.4210217,-3.70853,26334047325.0,100000000000.0,100000000000.0,0.04323745,-35.68269,2026-05-14T23:31:00.000Z,0.0092214,201.57215,2025-12-23T21:49:32.000Z,2026-09-15 07:24:20+00:00,Normal,Normal,Small Cap,3.83826,0.26334047325
janus-henderson-anemoy-aaa-clo-fund,jaaa,Janus Henderson Anemoy AAA CLO Fund,https://coin-images.coingecko.com/coins/images/70446/large/jaaa.png?1762078666,1.05,714986808,89.0,714986808.0,0.0,1.05,1.049,0.000428,0.0408,1291174.0,0.18091,681220739.278982,681220739.278982,,1.05,0.0,2026-09-14T08:05:00.000Z,1.009,3.97033,2025-12-06T06:10:05.000Z,2026-09-15 07:24:20+00:00,Normal,Normal,Small Cap,0.0408,1.0
render-token,render,Render,https://coin-images.coingecko.com/coins/images/11636/large/rndr.png?1696511529,1.37,709007841,90.0,729180466.0,37249159.0,1.41,1.36,-0.02837160597182442,-2.03414,-14565676.081855655,-2.01302,518776241.28269154,533536414.5626915,644245094.0,13.53,-89.90447,2024-03-17T08:30:24.000Z,0.03665669,3627.55521,2020-06-16T05:22:25.000Z,2026-09-15 07:24:20+00:00,Normal,Normal,Small Cap,2.03414,0.9723352092244762
janus-henderson-anemoy-treasury-fund,jtrsy,Janus Henderson Anemoy Treasury Fund,https://coin-images.coingecko.com/coins/images/70445/large/JTRSY.png?1762078582,1.12,700205978,91.0,700205978.0,0.0,1.12,1.12,0.000216,0.01936,-24864995.914189577,-3.42932,627489934.721184,627489934.721184,,1.12,0.0,2026-09-14T08:05:00.000Z,1.085,2.86816,2025-11-12T20:05:05.000Z,2026-09-15 07:24:20+00:00,Normal,Normal,Small Cap,0.01936,1.0
gho,gho,GHO,https://coin-images.coingecko.com/coins/images/30663/large/gho-token-logo.png?1720517092,0.998844,698195083,92.0,698195083.0,5734675.0,0.999081,0.998363,0.00022831,0.02286,162788.0,0.02332,699000000.0,699000000.0,,1.03,-3.01003,2024-02-28T09:15:58.000Z,0.917065,8.9174,2023-10-23T20:41:04.000Z,2026-09-15 07:24:20+00:00,Normal,Normal,Small Cap,0.02286,1.0
dash,dash,Dash,https://coin-images.coingecko.com/coins/images/19/large/dash-logo.png?1696501423,53.36,684732622,93.0,684763205.0,93040800.0,56.34,52.83,-0.8477724932469712,-1.56398,-10615777.866780162,-1.52668,12828706.97240898,12829325.99178083,18920000.0,1493.59,-96.4275,2017-12-19T16:00:00.000Z,0.213899,24845.64437,2014-02-13T16:00:00.000Z,2026-09-15 07:24:20+00:00,Normal,Normal,Small Cap,1.56398,0.9999517496576011
vechain,vet,VeChain,https://coin-images.coingecko.com/coins/images/1167/large/VET.png?1742383283,0.00746885,642037882,94.0,642037882.0,11610873.0,0.00800589,0.00746012,-0.000573236961509513,-7.12796,-49461454.64259875,-7.15278,85985041177.0,85985041177.0,86712634466.0,0.280991,-97.34196,2021-04-18T17:08:21.000Z,0.00191713,289.58437,2020-03-12T18:29:59.000Z,2026-09-15 07:24:20+00:00,Normal,Normal,Small Cap,7.12796,1.0
injective-protocol,inj,Injective,https://coin-images.coingecko.com/coins/images/12882/large/Other_200x200.png?1738782212,6.09,609141410,95.0,609141410.0,91641849.0,6.43,5.94,-0.02760184194514892,-0.4513,-2471405.835431099,-0.40408,100000000.0,100000000.0,,52.62,-88.4294,2024-03-14T07:06:22.000Z,0.657401,826.15129,2020-11-03T08:19:30.000Z,2026-09-15 07:24:20+00:00,Normal,Normal,Small Cap,0.4513,1.0
beldex,bdx,Beldex,https://coin-images.coingecko.com/coins/images/5111/large/Beldex.png?1696505631,0.075784,596629716,96.0,753463478.0,10065537.0,0.076415,0.074592,-0.000429962884734916,-0.56415,-3224291.2022687197,-0.53751,7870696734.017902,9939631314.457903,,0.450785,-83.18846,2018-12-16T16:00:00.000Z,0.00027519,27439.18885,2019-11-01T03:05:12.000Z,2026-09-15 07:24:20+00:00,Normal,Normal,Small Cap,0.56415,0.7918499675706696
ether-fi,ethfi,Ether.fi,https://coin-images.coingecko.com/coins/images/35958/large/etherfi.jpeg?1710254562,0.614756,593209861,97.0,593209861.0,48728305.0,0.666151,0.612179,-0.04955036401312507,-7.45897,-48078007.60824025,-7.4971,965350000.0,965350000.0,1000000000.0,8.53,-92.79209,2024-03-27T15:14:46.000Z,0.26653,130.65161,2026-06-05T19:19:15.000Z,2026-09-15 07:24:20+00:00,Normal,Normal,Small Cap,7.45897,1.0
xdce-crowd-sale,xdc,XDC Network,https://coin-images.coingecko.com/coins/images/2912/large/xdc-icon.png?1696503661,0.02896399,577971197,98.0,1102983606.0,7772013.0,0.02909363,0.02759105,0.00113348,4.07279,22844650.0,4.11521,19946688440.0,38065686425.1,,0.192754,-84.97361,2021-08-20T20:39:48.000Z,0.00039532,7226.75443,2019-07-21T16:00:00.000Z,2026-09-15 07:24:20+00:00,Normal,Normal,Small Cap,4.07279,0.5240070602496064
flare-networks,flr,Flare,https://coin-images.coingecko.com/coins/images/28624/large/FLR-icon200x200.png?1696527609,0.00657928,572063460,99.0,701043004.0,4462662.0,0.00683709,0.0064619,9.804e-05,1.51262,8569115.0,1.52071,86948958161.74995,106552789964.7903,,0.150073,-95.61594,2023-01-09T19:14:05.000Z,0.00586043,12.26624,2026-08-19T10:09:30.000Z,2026-09-15 07:24:20+00:00,Normal,Normal,Small Cap,1.51262,0.8160176583877503
curve-dao-token,crv,Curve DAO,https://coin-images.coingecko.com/coins/images/12124/large/Curve.png?1696511967,0.351523,547220477,100.0,849708485.0,51337432.0,0.359513,0.345594,-0.00902367008198618,-2.50277,-14171350.204615355,-2.52432,1557375110.0,2418252263.016624,3030303031.0,15.37,-97.71324,2020-08-13T16:00:00.000Z,0.170749,105.87121,2026-06-06T05:03:15.000Z,2026-09-15 07:24:20+00:00,Normal,Normal,Small Cap,2.50277,0.6440085403072334
usual-usd,usd0,Usual USD,https://coin-images.coingecko.com/coins/images/38272/large/USD0LOGO.png?1716962811,0.999194,547164357,101.0,547164357.0,2282132.0,0.999235,0.998674,0.00040217,0.04027,-101885.16475081444,-0.01862,547602996.8450722,547602996.8450722,,1.33,-24.62893,2024-07-12T00:28:59.000Z,0.962885,3.77087,2025-04-10T00:30:51.000Z,2026-09-15 07:24:20+00:00,Normal,Normal,Small Cap,0.04027,1.0
aerodrome-finance,aero,Aerodrome Finance,https://coin-images.coingecko.com/coins/images/31745/large/token.png?1696530564,0.548831,542613538,102.0,1085767638.0,24479350.0,0.585051,0.54732,-0.022127523282945982,-3.87551,-21957523.201218605,-3.88924,988732653.6310502,1978450301.483024,,2.32,-76.31221,2024-12-07T06:00:38.000Z,1.861e-05,2949023.98956,2023-10-16T17:23:50.000Z,2026-09-15 07:24:20+00:00,Normal,Normal,Small Cap,3.87551,0.4997510692534998
official-trump,trump,Official Trump,https://coin-images.coingecko.com/coins/images/53746/large/trump.png?1737171561,1.97,537697130,103.0,1968597785.0,176714232.0,2.06,1.95,-0.04002924971723654,-1.99212,-11137939.284041286,-2.02938,273137120.287634,1000000000.0,1000000000.0,73.43,-97.31807,2025-01-19T03:50:34.000Z,1.37,43.72388,2026-08-13T18:40:30.000Z,2026-09-15 07:24:20+00:00,Normal,Normal,Small Cap,1.99212,0.27313712028763404
ylds,ylds,YLDS,https://coin-images.coingecko.com/coins/images/66486/large/YLDS.png?1772560579,0.99979,509413145,104.0,509413145.0,24116897.0,0.999953,0.999553,-0.000549061142615326,-0.05489,-10207581.648444593,-1.96443,509517958.07,509517958.07,,1.001,-0.15618,2026-05-28T18:14:00.000Z,0.998383,0.141,2026-06-30T03:40:10.000Z,2026-09-15 07:24:20+00:00,Normal,Normal,Small Cap,0.05489,1.0
aptos,apt,Aptos,https://coin-images.coingecko.com/coins/images/26455/large/Aptos-Network-Profile-Picture_%281%29.png?1788259511,0.58325,507786353,105.0,705255123.0,61474346.0,0.608174,0.578239,-0.010820185328668908,-1.82137,-9191841.397395968,-1.77799,870279723.8185983,1208719840.008776,2100000000.0,19.92,-97.07213,2023-01-26T06:25:17.000Z,0.511162,14.10263,2026-08-30T23:47:30.000Z,2026-09-15 07:24:20+00:00,Normal,Normal,Small Cap,1.82137,0.7200011905259035
true-usd,tusd,TrueUSD,https://coin-images.coingecko.com/coins/images/3449/large/tusd.png?1696504140,0.999315,494174945,106.0,494174945.0,50016945.0,1.022,0.997686,-2.974218552998e-05,-0.00298,-16171.288172125816,-0.00327,494515083.0,494515083.0,,1.62,-38.25719,2018-08-26T12:41:09.000Z,0.88355,13.10229,2020-03-12T02:47:51.000Z,2026-09-15 07:24:20+00:00,Normal,Normal,Small Cap,0.00298,1.0
blockstack,stx,Stacks,https://coin-images.coingecko.com/coins/images/2069/large/Stacks_Logo_png.png?1709979332,0.260139,485675360,107.0,485693480.0,18610500.0,0.273005,0.260169,-0.005957531223941548,-2.23886,-10951802.160805643,-2.20524,1866579632.778559,1866665112.506899,,3.86,-93.2682,2024-04-01T04:34:58.000Z,0.04559639,470.52439,2020-03-12T18:29:26.000Z,2026-09-15 07:24:20+00:00,Normal,Normal,Small Cap,2.23886,0.9999542072502628
usdtb,usdtb,USDtb,https://coin-images.coingecko.com/coins/images/52804/large/76357aa8-4ef7-446c-bad3-a3f944eeec7a.jpeg?1758277468,0.999611,482618489,108.0,482618489.0,916960.0,0.999927,0.99943,0.0001269,0.0127,-984735.5030787587,-0.20362,482803883.6661826,482803883.6661826,,1.057,-5.43078,2025-09-20T05:20:33.000Z,0.900502,11.00605,2025-07-17T00:05:52.000Z,2026-09-15 07:24:20+00:00,Normal,Normal,Small Cap,0.0127,1.0
bianrensheng,币安人生,币安人生 (BinanceLife),https://coin-images.coingecko.com/coins/images/69848/large/%E5%B8%81%E5%AE%89%E4%BA%BA%E7%94%9F.png?1759839225,0.472343,472366639,109.0,472366639.0,2358206.0,0.482191,0.470875,-0.005240752452353392,-1.09735,-5216988.9614259,-1.09237,1000000000.0,1000000000.0,1000000000.0,0.894202,-47.17718,2026-06-07T10:24:00.000Z,0.03826008,1134.55801,2026-03-29T00:34:00.000Z,2026-09-15 07:24:20+00:00,Normal,Normal,Small Cap,1.09735,1.0
euro-coin,eurc,EURC,https://coin-images.coingecko.com/coins/images/26045/large/EURC.png?1769615705,1.15,469540284,110.0,469744695.0,36924137.0,1.16,1.15,-0.002109358021038288,-0.18252,-1858628.7231476307,-0.39428,407033155.1415515,407233154.8919515,,1.35,-14.6772,2023-03-14T01:50:50.000Z,0.052848,2082.80602,2022-12-08T19:16:34.000Z,2026-09-15 07:24:20+00:00,Normal,Normal,Small Cap,0.18252,0.9995088814650834
a7a5,a7a5,A7A5,https://coin-images.coingecko.com/coins/images/66657/large/A7A5_200.png?1750163839,0.01180987,463348555,111.0,463348555.0,3175.29,0.01191926,0.01150627,0.00020038,1.72602,7871103.0,1.7281,39233835456.89074,39233835456.89074,,0.229635,-94.85711,2025-08-14T15:03:39.000Z,1.048e-05,112615.48646,2025-08-21T09:38:27.000Z,2026-09-15 07:24:20+00:00,Normal,Normal,Small Cap,1.72602,1.0
spx6900,spx,SPX6900,https://coin-images.coingecko.com/coins/images/31401/large/centeredcoin_%281%29.png?1737048493,0.489903,455520131,112.0,455520131.0,7042639.0,0.522633,0.483683,-0.005508695104702976,-1.11194,-5701982.721027195,-1.23628,930987335.2481942,930987335.2481942,1000000000.0,2.27,-78.42465,2025-07-28T03:24:33.000Z,0.00131808,37067.85434,2024-02-04T11:12:19.000Z,2026-09-15 07:24:20+00:00,Normal,Normal,Small Cap,1.11194,1.0
falcon-finance-ff,ff,Falcon Finance,https://coin-images.coingecko.com/coins/images/69121/large/ff.png?1757573403,0.141273,445083363,113.0,1417462938.0,70821230.0,0.169078,0.123969,-0.001144141670531562,-0.80337,-2107995.8883337975,-0.47139,3140000000.0,10000000000.0,10000000000.0,0.770814,-81.67218,2025-09-29T05:02:33.000Z,0.057089,147.46067,2026-07-11T06:59:00.000Z,2026-09-15 07:24:20+00:00,Normal,Normal,Small Cap,0.80337,0.314
pudgy-penguins,pengu,Pudgy Penguins,https://coin-images.coingecko.com/coins/images/52622/large/PUDGY_PENGUINS_PENGU_PFP.png?1733809110,0.00703354,442084853,114.0,539576645.0,93863932.0,0.00732588,0.00700382,-0.000121855938888378,-1.70299,-7706267.559202671,-1.7133,62860396090.0,76722831117.72432,88888888888.0,0.068447,-89.72406,2024-12-17T05:05:22.000Z,0.00371517,89.31959,2025-04-08T17:31:57.000Z,2026-09-15 07:24:20+00:00,Normal,Normal,Small Cap,1.70299,0.8193179940602863
pyth-network,pyth,Pyth Network,https://coin-images.coingecko.com/coins/images/31924/large/pyth.png?1701245725,0.055106,433943031,115.0,551041531.0,20703957.0,0.057087,0.054443,-0.002075199850714235,-3.62918,-16354281.968293548,-3.63189,7874960540.68511,10000000000.0,10000000000.0,1.2,-95.39392,2024-03-15T23:01:15.000Z,0.02953453,86.58057,2026-06-06T05:03:00.000Z,2026-09-15 07:24:20+00:00,Normal,Normal,Small Cap,3.62918,0.787496054068511
hash-2,hash,Provenance Blockchain,https://coin-images.coingecko.com/coins/images/66154/large/Hastra_Icon.png?1748497203,0.00747329,432769784,116.0,709741160.0,5948.55,0.00782042,0.00682593,-0.000247540096371208,-3.20613,-14081904.607114434,-3.15136,57913809418.0,94978475357.64638,100000000000.0,0.060147,-87.57495,2025-09-14T08:52:41.000Z,0.00504616,48.09854,2026-08-14T03:44:40.000Z,2026-09-15 07:24:20+00:00,Normal,Normal,Small Cap,3.20613,0.6097572023547708
pons,pons,Pons,https://coin-images.coingecko.com/coins/images/102174571/large/jhitvkisdq8fhxvimdkpcw7y3dx5.?1784093932,0.603852,429988070,117.0,415941559.0,120081868.0,0.661019,0.534349,0.061812,11.40353,43998853.0,11.39898,712104762.0614183,712104762.0614183,1000000000.0,0.971034,-37.81352,2026-09-05T17:13:10.000Z,0.00331678,18105.95992,2026-07-17T00:36:50.000Z,2026-09-15 07:24:20+00:00,Normal,Normal,Small Cap,11.40353,1.0
akedo,ake,Akedo,https://coin-images.coingecko.com/coins/images/68410/large/akedo.png?1755678461,0.01828875,418186691,118.0,1834453873.0,33088004.0,0.01901829,0.01467354,0.00356295,24.19525,82493511.0,24.57408,22796250000.0,100000000000.0,100000000000.0,0.0363756,-49.72247,2026-09-02T21:45:20.000Z,0.00017407,10406.31807,2026-07-10T12:36:10.000Z,2026-09-15 07:24:20+00:00,Normal,Normal,Small Cap,24.19525,0.2279625
pendle,pendle,Pendle,https://coin-images.coingecko.com/coins/images/15069/large/Pendle_Logo_Normal-03.png?1696514728,2.37,411220766,119.0,667334687.0,87953394.0,2.45,2.22,0.113466,5.03363,20169955.0,5.15789,173481066.03302938,281527448.4585314,,7.5,-68.44635,2024-04-11T00:25:36.000Z,0.03377729,6909.50158,2022-11-14T12:15:58.000Z,2026-09-15 07:24:20+00:00,Normal,Normal,Small Cap,5.03363,0.6162136835427715
virtual-protocol,virtual,Virtuals Protocol,https://coin-images.coingecko.com/coins/images/34057/large/LOGOMARK.png?1708356054,0.607094,399483257,120.0,606761615.0,39127930.0,0.636922,0.604068,-0.018798805642518013,-3.00352,-12595500.62944156,-3.05658,658385841.8252224,1000000000.0,1000000000.0,5.07,-88.01396,2025-01-01T22:15:38.000Z,0.00748604,8009.68259,2024-01-23T12:55:21.000Z,2026-09-15 07:24:20+00:00,Normal,Normal,Small Cap,3.00352,0.6583858418252224
raydium,ray,Raydium,https://coin-images.coingecko.com/coins/images/13928/large/PSigc4ie_400x400.jpg?1696513668,1.38,372109566,121.0,765632764.0,53363954.0,1.44,1.33,-0.03131639044976575,-2.21991,-8412671.78365761,-2.21082,269738729.766044,555000000.0,555000000.0,16.83,-91.80535,2021-09-12T12:20:23.000Z,0.134391,926.40225,2022-12-29T14:15:53.000Z,2026-09-15 07:24:20+00:00,Normal,Normal,Small Cap,2.21991,0.4860157293081874
fetch-ai,fet,Artificial Superintelligence Alliance,https://coin-images.coingecko.com/coins/images/5681/large/ASI.png?1719827289,0.160226,370334206,122.0,434866215.0,64778731.0,0.172312,0.16036,-0.011520487341087626,-6.70785,-26674276.471673608,-6.71882,2311583219.8035097,2714384546.672,2714384546.672,3.45,-95.36135,2024-03-28T09:21:18.000Z,0.00816959,1861.2467,2020-03-12T18:24:18.000Z,2026-09-15 07:24:20+00:00,Normal,Normal,Small Cap,6.70785,0.8516049145054451
celestia,tia,Celestia,https://coin-images.coingecko.com/coins/images/31967/large/tia.jpg?1696530772,0.350807,339852913,123.0,412971467.0,33622939.0,0.368127,0.348353,-0.00839741809605804,-2.33778,-7994797.317594171,-2.29836,968801261.559402,1177236571.840497,,20.85,-98.31757,2024-02-10T06:30:02.000Z,0.279235,25.63115,2026-06-06T05:03:00.000Z,2026-09-15 07:24:20+00:00,Normal,Normal,Small Cap,2.33778,0.8229452641322327
layerzero,zro,LayerZero,https://coin-images.coingecko.com/coins/images/28206/large/ftxG9_TJ_400x400.jpeg?1696527208,0.954765,337341669,124.0,954794637.0,34340556.0,1.042,0.952444,-0.08786626004237186,-8.42736,-31033832.240880072,-8.42451,353313325.89,1000000000.0,1000000000.0,7.47,-87.22645,2024-12-06T06:15:52.000Z,0.707123,35.0211,2026-07-31T09:25:50.000Z,2026-09-15 07:24:20+00:00,Normal,Normal,Small Cap,8.42736,0.35331332589
bitcoin-cash-sv,bsv,Bitcoin SV,https://coin-images.coingecko.com/coins/images/6799/large/BSV.png?1696507128,16.75,336551739,125.0,336554619.0,6238819.0,17.36,16.75,-0.4443182227629343,-2.58404,-8775278.295195103,-2.54115,20083656.25,20083846.875,21000000.0,489.75,-96.5798,2021-04-16T09:09:04.000Z,10.49,59.75201,2026-06-25T13:59:20.000Z,2026-09-15 07:24:20+00:00,Normal,Normal,Small Cap,2.58404,0.9999905085414569
midnight-3,night,Midnight,https://coin-images.coingecko.com/coins/images/71015/large/midnight.png?1765193080,0.02019254,335260632,126.0,484498203.0,5013293.0,0.02110306,0.02011752,-9.3699416097801e-05,-0.46189,-1641081.8455904722,-0.48711,16607399400.634954,24000000000.0,24000000000.0,0.118529,-82.96405,2025-12-09T01:29:38.000Z,0.0152398,32.49877,2026-07-20T20:40:30.000Z,2026-09-15 07:24:20+00:00,Normal,Normal,Small Cap,0.46189,0.6919749750264564
ousg,ousg,Ondo Short-Term U.S. Government Bond Fund,https://coin-images.coingecko.com/coins/images/29023/large/OUSG.png?1696527993,116.56,334271397,127.0,334271397.0,0.0,116.56,116.53,0.032152,0.02759,-4901796.790025175,-1.44522,2867780.076039156,2867780.076039156,,116.56,0.0,2026-09-14T21:55:00.000Z,95.09,22.57893,2023-03-22T12:00:17.000Z,2026-09-15 07:24:20+00:00,Normal,Normal,Small Cap,0.02759,1.0
kinesis-gold,kau,Kinesis Gold,https://coin-images.coingecko.com/coins/images/29788/large/kau-currency-ticker.png?1696528718,138.38,330218722,128.0,551645589.0,201113.0,141.28,136.48,-2.3992325059522557,-1.7042,-5723555.2002847195,-1.70373,2386227.8342,2386227.8342,,206.98,-33.14051,2026-03-01T12:42:08.000Z,44.06,214.11288,2023-04-21T13:02:50.000Z,2026-09-15 07:24:20+00:00,Normal,Normal,Small Cap,1.7042,1.0
unibase,ub,Unibase,https://coin-images.coingecko.com/coins/images/69108/large/unibase.png?1757501820,0.130464,326012303,129.0,1304049212.0,12228984.0,0.141437,0.128184,-0.00100006318001522,-0.76072,-2646616.745784521,-0.80528,2500000000.0,10000000000.0,10000000000.0,0.243557,-46.434,2026-05-15T22:11:00.000Z,0.01029884,1166.77918,2025-09-12T00:06:18.000Z,2026-09-15 07:24:20+00:00,Normal,Normal,Small Cap,0.76072,0.25
first-digital-usd,fdusd,First Digital USD,https://coin-images.coingecko.com/coins/images/31079/large/FDUSD_icon_black.png?1731097953,0.998555,325873721,130.0,325873721.0,140671682.0,0.999276,0.99835,5.401e-05,0.00541,-3475598.1494155526,-1.05529,326343597.850568,326343597.850568,,1.15,-13.26957,2025-02-02T18:30:49.000Z,0.940377,6.18672,2024-12-05T14:30:51.000Z,2026-09-15 07:24:20+00:00,Normal,Normal,Small Cap,0.00541,1.0
sun-token,sun,Sun Token,https://coin-images.coingecko.com/coins/images/12424/large/RSFOmQ.png?1696512245,0.01694606,325754789,131.0,337254018.0,14298064.0,0.01707731,0.01689635,1.818e-05,0.10739,363951.0,0.11185,19222181989.37517,19900730000.0,19900730000.0,66.45,-99.9745,2020-09-10T19:18:35.000Z,0.00462303,266.55777,2022-11-13T20:45:13.000Z,2026-09-15 07:24:20+00:00,Normal,Normal,Small Cap,0.10739,0.9659033608000899
bittorrent,btt,BitTorrent,https://coin-images.coingecko.com/coins/images/22457/large/btt_logo.png?1696521780,3.287e-07,324236948,132.0,325209987.0,7206055.0,3.35101e-07,3.26983e-07,-3.490346147e-09,-1.05071,-3647236.738731146,-1.11236,987037885840674.8,990000000000000.0,990000000000000.0,3.43e-06,-90.42066,2022-01-20T20:00:31.000Z,2.55018e-07,28.89254,2026-08-15T13:30:30.000Z,2026-09-15 07:24:20+00:00,Normal,Normal,Small Cap,1.05071,0.9970079654956311
sofiusd,sofid,SoFiUSD,https://coin-images.coingecko.com/coins/images/71688/large/CRY25-3266080_StableCoinLogo.png?1768922282,0.999064,321068030,133.0,321068030.0,1754721.0,1.001,0.999043,-5.444020045442e-05,-0.00545,1490671.0,0.46645,321367176.7,321367176.7,,1.002,-0.25931,2026-08-07T03:23:20.000Z,0.991073,0.80637,2026-08-04T13:24:30.000Z,2026-09-15 07:24:20+00:00,Normal,Normal,Small Cap,0.00545,1.0
apxusd,apxusd,apxUSD,https://coin-images.coingecko.com/coins/images/102172243/large/apxUSD.png?1772448502,0.979477,318223037,134.0,318215533.0,7111382.0,0.984997,0.97512,0.00155765,0.15928,-2309986.0522913337,-0.72067,324889291.0845349,324881629.2163759,,1.012,-3.1922,2026-03-12T16:27:03.000Z,0.717601,36.49323,2026-06-26T09:41:20.000Z,2026-09-15 07:24:20+00:00,Normal,Normal,Small Cap,0.15928,1.000023583568506
pieverse,pieverse,Pieverse,https://coin-images.coingecko.com/coins/images/68773/large/pieverse.png?1756546685,1.15,314961238,135.0,1146355735.0,3276469.0,1.18,1.14,-0.024486507196836982,-2.09157,-6695204.694794357,-2.08148,274750000.0,1000000000.0,1000000000.0,1.67,-31.21062,2026-04-20T05:40:00.000Z,0.119363,860.29434,2025-11-14T13:01:21.000Z,2026-09-15 07:24:20+00:00,Normal,Normal,Small Cap,2.09157,0.27475
usdai,usdai,USDai,https://coin-images.coingecko.com/coins/images/55857/large/USDai_Token_Full_Glyph.png?1755229050,1.0,312372885,136.0,312372885.0,3379354.0,1.0,0.999546,0.00019572,0.01958,16730953.0,5.65919,312359549.6589792,312359549.6589792,,1.19,-15.81441,2025-09-04T08:12:39.000Z,0.769779,29.9124,2025-09-26T12:45:27.000Z,2026-09-15 07:24:20+00:00,Normal,Normal,Small Cap,0.01958,1.0
gnosis,gno,Gnosis,https://coin-images.coingecko.com/coins/images/662/large/logo_square_simple_300px.png?1696501854,114.77,302923815,137.0,344285207.0,1818189.0,122.54,112.43,-1.9525273539982635,-1.67283,-5168914.479950845,-1.67771,2639589.0,3000000.0,3000000.0,644.2,-82.18455,2021-11-08T09:33:29.000Z,6.88,1567.13943,2020-03-12T18:24:11.000Z,2026-09-15 07:24:20+00:00,Normal,Normal,Small Cap,1.67283,0.879863
lido-dao,ldo,Lido DAO,https://coin-images.coingecko.com/coins/images/13573/large/Lido_DAO.png?1696513326,0.358366,299214901,138.0,358705780.0,36744221.0,0.379334,0.357651,-0.012171687891821048,-3.28487,-9869704.919182897,-3.1932,834151322.8543006,1000000000.0,1000000000.0,7.3,-95.09281,2021-08-20T00:35:20.000Z,0.235028,52.4782,2026-06-25T13:59:50.000Z,2026-09-15 07:24:20+00:00,Normal,Normal,Small Cap,3.28487,0.8341513228543006
olympus,ohm,Olympus,https://coin-images.coingecko.com/coins/images/14483/large/token_OHM_%281%29.png?1696514169,20.13,298957738,139.0,399079915.0,198648.0,20.47,20.13,-0.14494601244102512,-0.71494,-3554076.2632473707,-1.17486,14850428.23672701,19823897.76403585,,1415.26,-98.57771,2021-04-24T16:00:00.000Z,7.54,166.83659,2022-11-26T08:36:26.000Z,2026-09-15 07:24:20+00:00,Normal,Normal,Small Cap,0.71494,0.7491174749533053
decred,dcr,Decred,https://coin-images.coingecko.com/coins/images/329/large/dcr.png?1762890696,16.95,298136157,140.0,298158796.0,1291600.0,17.35,16.59,0.337014,2.02901,5777548.0,1.97619,17602461.79905262,17603844.75196384,21000000.0,247.35,-93.14867,2021-04-16T16:41:14.000Z,0.43154,3827.06563,2016-12-25T16:00:00.000Z,2026-09-15 07:24:20+00:00,Normal,Normal,Small Cap,2.02901,0.9999214402915553
sei-network,sei,Sei,https://coin-images.coingecko.com/coins/images/28205/large/Sei_Logo_-_Transparent.png?1696527207,0.04392792,295927911,141.0,439496898.0,31533506.0,0.0455292,0.04382992,-0.000966516809282759,-2.15287,-6361276.748239279,-2.10437,6733333333.0,10000000000.0,,1.14,-96.14572,2024-03-15T18:30:23.000Z,0.03828368,14.7432,2026-08-18T03:10:20.000Z,2026-09-15 07:24:20+00:00,Normal,Normal,Small Cap,2.15287,0.6733333333
tezos,xtz,Tezos,https://coin-images.coingecko.com/coins/images/976/large/Tezos-logo.png?1696502091,0.264815,290296068,142.0,295587450.0,10813585.0,0.282722,0.263153,-0.01475820048588139,-5.27884,-16151351.569652557,-5.27051,1096165797.153409,1116196210.250339,,9.12,-97.09508,2021-10-03T16:41:18.000Z,0.191836,38.04215,2026-08-12T22:02:10.000Z,2026-09-15 07:24:20+00:00,Normal,Normal,Small Cap,5.27884,0.9820547562220825
terra-luna,lunc,Terra Luna Classic,https://coin-images.coingecko.com/coins/images/8284/large/01_LunaClassic_color.png?1696508486,5.018e-05,277519418,143.0,324288310.0,5116024.0,5.104e-05,4.994e-05,-1.83052048242e-07,-0.36345,-521724.17171889544,-0.18764,5519012677462.204,6449102254544.71,,119.18,-99.99996,2022-04-05T04:24:58.000Z,9.99967e-07,4918.40597,2022-05-12T18:34:40.000Z,2026-09-15 07:24:20+00:00,Normal,Normal,Small Cap,0.36345,0.8557799922575166
artificial-inu-3,ai,Artificial Inu,https://coin-images.coingecko.com/coins/images/102176647/large/5ou9sb7h478ezv28urbjpzf1fl3e.?1788401429,0.277763,275547917,144.0,275547917.0,35341712.0,0.338661,0.236199,0.02472612,9.77174,24707180.0,9.84975,991315674.6532527,991315674.6532527,1000000000.0,0.355838,-21.94126,2026-09-12T10:07:20.000Z,0.00105288,26281.32483,2026-07-20T13:37:00.000Z,2026-09-15 07:24:20+00:00,Normal,Normal,Small Cap,9.77174,1.0
monad,mon,Monad,https://coin-images.coingecko.com/coins/images/38927/large/mon.png?1766029057,0.02275717,269034087,145.0,2290635166.0,52740969.0,0.0238828,0.02271523,-0.000604141796927884,-2.58608,-7217277.050416112,-2.61258,11825165000.0,100682925000.0,,0.04882901,-53.39416,2025-11-26T04:21:37.000Z,0.01636691,39.04374,2026-02-05T16:35:18.000Z,2026-09-15 07:24:20+00:00,Normal,Normal,Small Cap,2.58608,0.11744955760870078
re-protocol-reusd,reusd,Re Protocol reUSD,https://coin-images.coingecko.com/coins/images/66291/large/Points_Program_Group_91.png?1749676055,1.1,264097769,146.0,265777385.0,5333889.0,1.1,1.1,0.00015443,0.01403,2765246.0,1.05813,239921122.2356943,241446978.8881355,,1.1,-0.22026,2026-08-24T22:10:30.000Z,0.873393,26.03305,2025-07-17T00:04:08.000Z,2026-09-15 07:24:20+00:00,Normal,Normal,Small Cap,0.01403,0.9936803655217896
kite-2,kite,Kite,https://coin-images.coingecko.com/coins/images/70426/large/KITE-ICON.png?1762328605,0.107162,256279644,147.0,1071763431.0,8067965.0,0.109286,0.10458,-0.00019816003553709,-0.18457,-439646.76785954833,-0.17126,2391196012.0,10000000000.0,10000000000.0,0.319747,-66.48538,2026-03-06T02:30:09.000Z,0.061819,73.34721,2025-11-04T00:21:02.000Z,2026-09-15 07:24:20+00:00,Normal,Normal,Small Cap,0.18457,0.2391196012
ape-and-pepe,apepe,Ape and Pepe,https://coin-images.coingecko.com/coins/images/39614/large/APEPE_200.png?1723142351,1.21e-06,254357799,148.0,254357799.0,9817682.0,1.26e-06,1.21e-06,-2.2714817525e-08,-1.84095,-4753672.82767123,-1.83461,210000000000000.0,210000000000000.0,210000000000000.0,6.89e-06,-82.41677,2024-11-21T18:30:11.000Z,6.54916e-07,84.93207,2025-09-17T05:43:50.000Z,2026-09-15 07:24:20+00:00,Normal,Normal,Small Cap,1.84095,1.0
conflux-token,cfx,Conflux,https://coin-images.coingecko.com/coins/images/13079/large/3vuYMbjN.png?1696512867,0.04708112,246679782,149.0,246684558.0,3685855.0,0.04800331,0.04670941,-0.000767873384317698,-1.60478,-4013618.340579778,-1.60101,5239596176.61,5239707795.5,,1.7,-97.2319,2021-03-26T19:43:35.000Z,0.02199898,114.01499,2022-12-30T00:16:30.000Z,2026-09-15 07:24:20+00:00,Normal,Normal,Small Cap,1.60478,0.999978697497197
syrup,syrup,Maple Finance,https://coin-images.coingecko.com/coins/images/51232/large/_syrup_token_logo.png?1747292046,0.208707,243636188,150.0,259792483.0,5053207.0,0.220678,0.208898,-0.006355640733930912,-2.95525,-7400667.90809086,-2.94804,1167271959.1810675,1244677492.511099,,0.653229,-68.04993,2025-06-25T06:15:45.000Z,0.085229,144.87749,2025-04-06T23:46:35.000Z,2026-09-15 07:24:20+00:00,Normal,Normal,Small Cap,2.95525,0.9378107712272773
agora-dollar,ausd,AUSD,https://coin-images.coingecko.com/coins/images/39284/large/AUSD_1024px.png?1764684132,0.999617,243177049,151.0,243177059.0,7985128.0,0.999976,0.999417,-5.9437623072922e-05,-0.00595,-2373434.905170411,-0.96658,243269148.685702,243269158.685702,,1.022,-2.15633,2024-10-05T13:15:26.000Z,0.950515,5.16576,2024-12-05T14:30:43.000Z,2026-09-15 07:24:20+00:00,Normal,Normal,Small Cap,0.00595,0.9999999588932684
ethereum-name-service,ens,Ethereum Name Service,https://coin-images.coingecko.com/coins/images/19785/large/ENS.jpg?1727872989,5.66,238563975,152.0,565650195.0,10319080.0,5.91,5.64,-0.04335726532439388,-0.76036,-1926717.2213449478,-0.80116,42175177.73143091,100000000.0,100000000.0,83.4,-93.21517,2021-11-10T18:20:01.000Z,3.77,49.95993,2026-08-18T02:57:10.000Z,2026-09-15 07:24:20+00:00,Normal,Normal,Small Cap,0.76036,0.42175177731430913
bonk,bonk,Bonk,https://coin-images.coingecko.com/coins/images/28600/large/bonk.jpg?1696527587,2.69e-06,236456208,153.0,236456217.0,24359112.0,2.83e-06,2.67e-06,-6.0483908837e-08,-2.20136,-5314429.992127359,-2.19813,87994486138827.92,87994489473867.11,87995282867000.55,5.825e-05,-95.387,2024-11-19T20:01:06.000Z,8.6142e-08,3019.34729,2022-12-29T14:48:46.000Z,2026-09-15 07:24:20+00:00,Normal,Normal,Small Cap,2.20136,0.9999999620994541
jito-governance-token,jto,Jito,https://coin-images.coingecko.com/coins/images/33228/large/jto.png?1701137022,0.451853,235762516,154.0,452053004.0,29388957.0,0.46797,0.43131,0.01498049,3.42903,8079534.0,3.54859,521537328.9,1000000000.0,,6.01,-92.48608,2023-12-07T08:04:48.000Z,0.218137,107.14197,2026-02-05T16:30:39.000Z,2026-09-15 07:24:20+00:00,Normal,Normal,Small Cap,3.42903,0.5215373288999999
kinesis-silver,kag,Kinesis Silver,https://coin-images.coingecko.com/coins/images/29789/large/kag-currency-ticker.png?1696528719,63.24,235383143,155.0,232381304.0,290010.0,64.04,62.14,-1.3209056232017602,-2.04594,-4915250.822688431,-2.04548,3721963.8196,3777096.9336,,130.0,-51.3528,2026-02-01T23:20:32.000Z,4.36,1349.46566,2024-02-11T06:01:27.000Z,2026-09-15 07:24:20+00:00,Normal,Normal,Small Cap,2.04594,0.9854033097457597
usx,usx,USX,https://coin-images.coingecko.com/coins/images/68429/large/Solstice_Icons_for_DEX_512x512_USX.png?1755718377,0.999359,235020321,156.0,235020321.0,825977.0,0.999636,0.998898,0.00012724,0.01273,31034.0,0.01321,235169978.837452,235169978.837452,,1.21,-17.3993,2026-07-14T11:48:30.000Z,0.828472,20.62677,2025-12-25T20:30:55.000Z,2026-09-15 07:24:20+00:00,Normal,Normal,Small Cap,0.01273,1.0
floki,floki,FLOKI,https://coin-images.coingecko.com/coins/images/16746/large/PNG_image.png?1696516318,2.43e-05,234362813,157.0,134652147.0,16870936.0,2.529e-05,2.426e-05,-3.79406538626e-07,-1.53728,-3674736.455021441,-1.54376,9644814882750.928,9644814882750.928,20000000000000.0,0.00034495,-92.9552,2024-06-04T23:25:59.000Z,8.428e-08,28733.69704,2021-07-05T17:11:20.000Z,2026-09-15 07:24:20+00:00,Normal,Normal,Small Cap,1.53728,1.0
bnb48-club-token,koge,KOGE,https://coin-images.coingecko.com/coins/images/13827/large/bnb48.png?1696513570,69.2,233900935,158.0,233900935.0,51780.0,69.31,68.88,-0.0674414237496137,-0.09736,-229153.89563924074,-0.09787,3379997.6,3379997.6,3379997.0,141.45,-51.07554,2026-08-17T05:16:20.000Z,1.19,5708.61686,2021-02-01T07:55:03.000Z,2026-09-15 07:24:20+00:00,Normal,Normal,Small Cap,0.09736,1.0
apenft,nft,AINFT,https://coin-images.coingecko.com/coins/images/15687/large/AINFT.png?1761099340,2.32496e-07,229875568,159.0,229875568.0,6627462.0,2.36605e-07,2.31251e-07,-1.054579878e-09,-0.45154,-1364261.0246504247,-0.58998,990105592982874.8,990105592982874.8,999990000000000.0,7.53e-06,-96.91242,2021-09-04T16:10:47.000Z,2.30455e-07,0.88556,2026-09-13T01:01:30.000Z,2026-09-15 07:24:20+00:00,Normal,Normal,Small Cap,0.45154,1.0
optimism,op,Optimism,https://coin-images.coingecko.com/coins/images/25244/large/Token.png?1774456081,0.099876,229673240,160.0,428956489.0,88281406.0,0.105262,0.094519,0.00392646,4.09223,9026416.0,4.09089,2299624975.0,4294967296.0,4294967296.0,4.84,-97.93829,2024-03-06T00:35:50.000Z,0.080689,23.77861,2026-08-18T03:31:10.000Z,2026-09-15 07:24:20+00:00,Normal,Normal,Small Cap,4.09223,0.5354231630917639
ribbita-by-virtuals,tibbir,Ribbita by Virtuals,https://coin-images.coingecko.com/coins/images/54970/large/Untitled_design.png?1742941268,0.228587,228542747,161.0,228542747.0,2894226.0,0.27073,0.223207,-0.021010746169701167,-8.41785,-21030877.869285762,-8.42672,999904783.4343679,999904783.4343679,1000000000.0,0.440027,-48.05169,2025-10-28T03:23:32.000Z,0.01032004,2114.97764,2025-04-06T23:41:29.000Z,2026-09-15 07:24:20+00:00,Normal,Normal,Small Cap,8.41785,1.0
plasma,xpl,Plasma,https://coin-images.coingecko.com/coins/images/66489/large/Plasma-symbol-green-1.png?1755142558,0.081949,227674896,162.0,819629626.0,38992904.0,0.086256,0.080232,0.00127815,1.58439,3588217.0,1.60126,2777777777.7778,10000000000.0,,1.68,-95.12966,2025-09-27T17:31:40.000Z,0.060147,36.24745,2026-06-10T22:12:40.000Z,2026-09-15 07:24:20+00:00,Normal,Normal,Small Cap,1.58439,0.27777777777778
trust-wallet-token,twt,Trust Wallet,https://coin-images.coingecko.com/coins/images/11085/large/Trust.png?1696511026,0.538928,224541351,163.0,538920928.0,6005998.0,0.560242,0.537533,-0.011984434763630536,-2.17538,-4996194.41866979,-2.17663,416649900.0,1000000000.0,,2.72,-80.19309,2022-12-11T15:25:46.000Z,0.00277641,19310.95203,2020-06-09T01:15:06.000Z,2026-09-15 07:24:20+00:00,Normal,Normal,Small Cap,2.17538,0.4166499
build-on,b,BUILDon,https://coin-images.coingecko.com/coins/images/55974/large/T7asvmCb_400x400.jpg?1747902862,0.220256,220253164,164.0,220253164.0,8134738.0,0.24419,0.220719,0.00265147,1.21848,2648317.0,1.21703,1000000000.0,1000000000.0,1000000000.0,0.762588,-71.11724,2026-05-14T04:09:00.000Z,0.082973,165.45546,2025-10-10T13:31:21.000Z,2026-09-15 07:24:20+00:00,Normal,Normal,Small Cap,1.21848,1.0
grass,grass,Grass,https://coin-images.coingecko.com/coins/images/40094/large/Grass.jpg?1725697048,0.322137,218101364,165.0,322147853.0,15598019.0,0.335545,0.313621,0.00575428,1.81877,3903432.0,1.82235,677022560.0,1000000000.0,1000000000.0,3.89,-91.72365,2024-11-08T04:26:05.000Z,0.166785,93.14449,2026-02-05T16:21:51.000Z,2026-09-15 07:24:20+00:00,Normal,Normal,Small Cap,1.81877,0.67702256
frax,frax,Legacy Frax Dollar,https://coin-images.coingecko.com/coins/images/13422/large/LFRAX.png?1751911193,0.991314,217415767,166.0,217415767.0,757933.0,0.993242,0.990887,-0.000553607032166559,-0.05581,-120599.60445261002,-0.05544,219320045.8726003,219320045.8726003,,1.66,-40.39746,2026-03-30T09:51:00.000Z,0.249813,296.82273,2026-06-24T07:27:10.000Z,2026-09-15 07:24:20+00:00,Normal,Normal,Small Cap,0.05581,1.0
edgex,edge,edgeX,https://coin-images.coingecko.com/coins/images/102172616/large/edgex.png?1774332310,0.592352,207333406,167.0,592381161.0,3802940.0,0.632808,0.589919,-0.057205485411057966,-8.80683,-20011851.085851014,-8.80241,350000000.0,1000000000.0,1000000000.0,1.54,-61.58698,2026-05-22T00:24:00.000Z,0.23746,149.45393,2026-07-05T09:44:00.000Z,2026-09-15 07:24:20+00:00,Normal,Normal,Small Cap,8.80683,0.35
starknet,strk,Starknet,https://coin-images.coingecko.com/coins/images/26433/large/starknet.png?1696525507,0.02838416,203834511,168.0,283831930.0,12490005.0,0.03013012,0.02806233,-0.000417622175558324,-1.44999,-3006090.119857371,-1.45334,7181521515.171522,10000000000.0,10000000000.0,4.41,-99.3569,2024-02-20T04:05:13.000Z,0.02221422,27.77474,2026-08-18T03:13:20.000Z,2026-09-15 07:24:20+00:00,Normal,Normal,Small Cap,1.44999,0.7181521515171522
crvusd,crvusd,crvUSD,https://coin-images.coingecko.com/coins/images/30118/large/crvusd.jpg?1746670973,0.999737,203807538,169.0,203622267.0,20043913.0,1.001,0.99682,0.00038317,0.03834,2601155.0,1.29278,203862437.8408264,203557363.048013,,1.11,-9.62228,2024-06-12T19:27:06.000Z,0.949016,5.34458,2023-08-07T22:24:06.000Z,2026-09-15 07:24:20+00:00,Normal,Normal,Small Cap,0.03834,1.0014987165693507
tradable-na-rent-financing-platform-sstn,pc0000031,Tradable NA Rent Financing Platform SSTN,https://coin-images.coingecko.com/coins/images/66150/large/tradable.jpg?1748488921,1.0,202500000,170.0,202500000.0,0.0,1.0,1.0,0.0,0.0,0.0,0.0,202500000.0,202500000.0,400000000.0,189500000.0,-100.0,2025-05-28T19:45:11.000Z,1.0,0.0,2026-07-23T07:25:00.000Z,2026-09-15 07:24:20+00:00,Normal,Normal,Small Cap,0.0,1.0
grx-chain,grx,GRX Chain,https://coin-images.coingecko.com/coins/images/71011/large/Untitled_design_%283%29.png?1765178472,21.16,201319217,171.0,211597330.0,1708567.0,21.17,21.16,0.00297978,0.01408,29296.0,0.01455,9512395.0,9998039.0,10000000.0,21.31,-0.68729,2026-07-26T00:23:50.000Z,0.868057,2338.06487,2026-02-14T09:00:45.000Z,2026-09-15 07:24:20+00:00,Normal,Normal,Small Cap,0.01408,0.9514260746532395
useless-3,useless,Useless Coin,https://coin-images.coingecko.com/coins/images/55684/large/coingeckoupdate.png?1755203747,0.199921,200099967,172.0,200099967.0,44805897.0,0.22051,0.192295,-0.011283381364566053,-5.34241,-11091484.858253509,-5.25186,999940362.02,999940362.02,1000000000.0,0.434591,-53.99799,2025-10-14T06:50:41.000Z,0.00519952,3744.98074,2025-06-05T03:05:59.000Z,2026-09-15 07:24:20+00:00,Normal,Normal,Small Cap,5.34241,1.0
the-graph,grt,The Graph,https://coin-images.coingecko.com/coins/images/13397/large/Graph_Token.png?1696513159,0.01795822,196290835,173.0,208340902.0,9512886.0,0.01890684,0.01786731,-0.000761177393526127,-4.06625,-8524109.420014203,-4.16186,10941320353.043917,11612995353.0437,,2.84,-99.368,2021-02-11T23:28:45.000Z,0.01297915,38.36207,2026-08-18T03:16:20.000Z,2026-09-15 07:24:20+00:00,Normal,Normal,Small Cap,4.06625,0.9421617782854154
iota,iota,IOTA,https://coin-images.coingecko.com/coins/images/692/large/IOTA_Thumbnail_%281%29.png?1743772896,0.04210888,195131791,174.0,209714704.0,34006655.0,0.04829998,0.04105907,0.00019348,0.4616,896735.0,0.46168,4634745826.0,4981117335.0,,5.25,-99.19774,2017-12-18T16:00:00.000Z,0.03112513,35.28898,2026-07-31T14:11:00.000Z,2026-09-15 07:24:20+00:00,Normal,Normal,Small Cap,0.4616,0.9304630897637749
compound-governance-token,comp,Compound,https://coin-images.coingecko.com/coins/images/10775/large/COMP.png?1696510737,19.22,192213046,175.0,192213046.0,9218792.0,19.83,19.16,-0.43894833635512853,-2.23295,-4364681.042365432,-2.22033,10000000.0,10000000.0,10000000.0,854.45,-97.75074,2021-05-11T16:00:00.000Z,14.86,29.37379,2026-06-25T13:59:30.000Z,2026-09-15 07:24:20+00:00,Normal,Normal,Small Cap,2.23295,1.0
theta-token,theta,Theta Network,https://coin-images.coingecko.com/coins/images/2538/large/theta-token-logo.png?1696503349,0.190886,190857021,176.0,190857021.0,4367258.0,0.201296,0.193154,-0.007744811589583955,-3.8991,-7773548.526921809,-3.91357,1000000000.0,1000000000.0,1000000000.0,15.72,-98.78569,2021-04-16T05:15:11.000Z,0.04039979,372.4919,2020-03-12T18:24:16.000Z,2026-09-15 07:24:20+00:00,Normal,Normal,Small Cap,3.8991,1.0
societe-generale-forge-eurcv,eurcv,EUR CoinVertible,https://coin-images.coingecko.com/coins/images/33415/large/eurcv_%281%29.png?1701752017,1.15,190841398,177.0,190841398.0,50621523.0,1.16,1.15,-0.001932373177420343,-0.16721,-328535.50725108385,-0.17186,165425680.15,165425680.15,,1.22,-5.29725,2026-01-26T21:25:46.000Z,0.988513,16.70982,2025-02-04T14:15:33.000Z,2026-09-15 07:24:20+00:00,Normal,Normal,Small Cap,0.16721,1.0
jasmycoin,jasmy,JasmyCoin,https://coin-images.coingecko.com/coins/images/13876/large/JASMY200x200.jpg?1696513620,0.0038079,188333551,178.0,190447520.0,11224857.0,0.00395647,0.00379609,-4.5744237802398e-05,-1.18704,-2210059.970484555,-1.15987,49444999677.59027,50000000000.0,50000000000.0,4.79,-99.9205,2021-02-15T19:53:32.000Z,0.00275026,38.45591,2022-12-29T12:41:09.000Z,2026-09-15 07:24:20+00:00,Normal,Normal,Small Cap,1.18704,0.9888999935518055
convex-finance,cvx,Convex Finance,https://coin-images.coingecko.com/coins/images/15585/large/convex.png?1696515221,2.0,186882816,179.0,200510428.0,4387180.0,2.08,1.98,-0.06887711703118127,-3.32222,-6330331.43547371,-3.27635,93194518.49512771,99990322.56870525,100000000.0,60.09,-96.66418,2022-01-01T10:04:03.000Z,1.038,93.14637,2026-07-01T01:13:40.000Z,2026-09-15 07:24:20+00:00,Normal,Normal,Small Cap,3.32222,0.9320353820350163
eigenlayer,eigen,EigenCloud (prev. EigenLayer),https://coin-images.coingecko.com/coins/images/37441/large/eigencloud.jpg?1751003565,0.200905,185418718,180.0,370159842.0,17257098.0,0.211483,0.197511,-0.005792992162296062,-2.80263,-5349149.583654791,-2.80401,922928711.7172952,1842484676.466831,,5.65,-96.44147,2024-12-16T19:45:30.000Z,0.148314,35.45985,2026-04-05T13:28:00.000Z,2026-09-15 07:24:20+00:00,Normal,Normal,Small Cap,2.80263,0.5009152713753438
usa,usat,USAT,https://coin-images.coingecko.com/coins/images/71792/large/usat_logo_200x200.png?1769440161,0.999381,184204160,181.0,184204160.0,470099.0,0.999596,0.998693,-0.000179026946594996,-0.01791,-32301.851696133614,-0.01753,184317595.5,184317595.5,,1.002,-0.30331,2026-03-30T13:45:00.000Z,0.99608,0.33136,2026-03-08T05:50:20.000Z,2026-09-15 07:24:20+00:00,Normal,Normal,Small Cap,0.01791,1.0
kaia,kaia,Kaia,https://coin-images.coingecko.com/coins/images/39901/large/KAIA.png?1724734368,0.0285543,183317066,182.0,183325994.0,4595258.0,0.02999695,0.02851816,-0.001431021300675274,-4.77241,-9155443.588561922,-4.75675,6419508484.794351,6419816248.101169,,0.406698,-92.97899,2024-12-02T16:11:32.000Z,0.02166246,31.81467,2026-08-19T01:04:10.000Z,2026-09-15 07:24:20+00:00,Normal,Normal,Small Cap,4.77241,0.9999520604180986
apyusd,apyusd,apyUSD,https://coin-images.coingecko.com/coins/images/102172527/large/apyUSD.png?1773763322,1.37,182316024,183.0,182315263.0,3072838.0,1.38,1.36,-0.003435932885190951,-0.25009,-590822.5556866229,-0.32302,133034469.6323786,133033914.6759278,,4799.87,-99.97145,2026-04-16T06:11:00.000Z,0.97356,40.76545,2026-06-26T13:36:00.000Z,2026-09-15 07:24:20+00:00,Normal,Normal,Small Cap,0.25009,1.0000041715411603
dogwifcoin,wif,dogwifhat,https://coin-images.coingecko.com/coins/images/33566/large/dogwifhat.jpg?1702499428,0.181832,181606144,184.0,181606144.0,44593548.0,0.195168,0.180724,-0.01044075000542899,-5.43018,-10459961.378668249,-5.44602,998926392.0,998926392.0,998926392.0,4.83,-96.23182,2024-03-31T01:34:58.000Z,0.00155464,11596.08548,2023-12-12T23:13:50.000Z,2026-09-15 07:24:20+00:00,Normal,Normal,Small Cap,5.43018,1.0
zebec-network,zbcn,Zebec Network,https://coin-images.coingecko.com/coins/images/37052/large/zbcn.jpeg?1713168241,0.00178926,178834247,185.0,178834247.0,7344500.0,0.00185996,0.00175323,2.88e-05,1.63613,2790686.0,1.58522,99998773785.57828,99998773785.57828,100000000000.0,0.00700261,-74.44866,2025-05-29T19:20:44.000Z,0.00069854,156.14288,2024-08-05T05:31:51.000Z,2026-09-15 07:24:20+00:00,Normal,Normal,Small Cap,1.63613,1.0
arweave,ar,Arweave,https://coin-images.coingecko.com/coins/images/4343/large/oRt6SiEN_400x400.jpg?1696504946,2.69,176858118,186.0,176858118.0,12219227.0,2.86,2.68,-0.14130515441073666,-4.98375,-9287620.425287306,-4.98943,65652466.0,65652466.0,66000000.0,89.24,-96.98099,2021-11-04T20:14:42.000Z,0.298788,801.649,2020-01-30T22:47:36.000Z,2026-09-15 07:24:20+00:00,Normal,Normal,Small Cap,4.98375,1.0
non-playable-coin,npc,Non-Playable Coin,https://coin-images.coingecko.com/coins/images/31193/large/NPC_200x200.png?1696530021,0.02193271,175966900,187.0,175966900.0,7457716.0,0.02403855,0.02077387,0.00103794,4.96748,7761348.0,4.6142,8050126520.0,8050126520.0,8050126520.0,0.066169,-66.85358,2024-11-18T00:46:10.000Z,4.561e-05,47985.11841,2023-08-13T04:00:49.000Z,2026-09-15 07:24:20+00:00,Normal,Normal,Small Cap,4.96748,1.0
btse-token,btse,BTSE Token,https://coin-images.coingecko.com/coins/images/10807/large/BTSE_logo_Square.jpeg?1696510765,1.081,175252220,188.0,216278658.0,549460.0,1.09,1.032,0.053224,5.1776,8658477.0,5.19736,162061501.0,200000000.0,200000000.0,9.21,-88.26655,2022-03-23T01:11:07.000Z,0.06191,1646.39553,2025-10-10T14:48:11.000Z,2026-09-15 07:24:20+00:00,Normal,Normal,Small Cap,5.1776,0.810307505
spiko-us-t-bills-money-market-fund,ustbl,Spiko US T-Bills Money Market Fund,https://coin-images.coingecko.com/coins/images/39666/large/USTB.png?1723541269,1.096,172875007,189.0,172875007.0,0.0,1.096,1.096,0.000236,0.02154,-182072.74914443493,-0.10521,157750230.41852,157750230.41852,,1.096,0.0,2026-09-14T14:00:00.000Z,1.013,8.22236,2024-08-19T23:05:13.000Z,2026-09-15 07:24:20+00:00,Normal,Normal,Small Cap,0.02154,1.0
lobster-2,龙虾,龙虾 (Lobster),https://coin-images.coingecko.com/coins/images/102172215/large/bvnt2zqtx33e6at5pm5marta4070.?1772252895,0.17258,172340942,190.0,172340942.0,26132669.0,0.180673,0.136014,0.03470706,25.17328,34468295.0,25.0001,1000000000.0,1000000000.0,1000000000.0,0.180673,-4.47955,2026-09-14T15:29:00.000Z,0.00145753,11740.58237,2026-02-28T09:08:30.000Z,2026-09-15 07:24:20+00:00,Normal,Normal,Small Cap,25.17328,1.0
antfun,antfun,AntFun,https://coin-images.coingecko.com/coins/images/102174619/large/antfun_logo_200x200_transparent.png?1784200901,0.090096,169974344,191.0,761016472.0,13418658.0,0.091253,0.085364,0.00096071,1.07782,1719826.0,1.02216,1887639996.0,8451423307.16593,10000000000.0,0.091253,-1.2684,2026-09-14T09:26:40.000Z,0.03781926,138.22671,2026-07-16T12:58:20.000Z,2026-09-15 07:24:20+00:00,Normal,Normal,Small Cap,1.07782,0.2233517275604308
ultima,ultima,Ultima,https://coin-images.coingecko.com/coins/images/31844/large/ULTIMA-200x200.png?1763090865,1988.0,168359103,192.0,198752305.0,6148577.0,2002.36,1961.33,20.89,1.06193,1728794.0,1.0375,84708.0,100000.0,100000.0,22851.0,-91.3,2025-02-14T03:01:57.000Z,1734.24,14.63253,2026-06-30T22:05:00.000Z,2026-09-15 07:24:20+00:00,Outlier,Outlier,Small Cap,1.06193,0.84708
thorchain,rune,THORChain,https://coin-images.coingecko.com/coins/images/6595/large/THORChain_RUNE_Token.png?1782452363,0.509931,167592541,193.0,180485626.0,26124645.0,0.531344,0.508851,-0.007817341716410908,-1.50987,-2569314.4031573534,-1.50992,328656259.0,353940154.0,353940154.0,20.87,-97.55635,2021-05-18T16:30:09.000Z,0.00851264,5890.27677,2019-09-27T16:00:00.000Z,2026-09-15 07:24:20+00:00,Normal,Normal,Small Cap,1.50987,0.9285644911597117
coco-2,coco,coco,https://coin-images.coingecko.com/coins/images/71124/large/%E6%9C%AA%E5%91%BD%E5%90%8D%E7%9A%84%E8%AE%BE%E8%AE%A1_%2821%29.png?1765893957,0.167548,167276620,194.0,167276620.0,38178.0,0.1679,0.166607,0.00074918,0.44915,477826.0,0.28647,1000000000.0,1000000000.0,1000000000.0,0.35491,-52.79135,2026-05-06T18:25:00.000Z,0.00180419,9186.61446,2026-03-26T09:32:00.000Z,2026-09-15 07:24:20+00:00,Normal,Normal,Small Cap,0.44915,1.0
safo,safo,Spiko Amundi Overnight Swap Fund,https://coin-images.coingecko.com/coins/images/102172590/large/Fund_usdSAFO.png?1774104804,1.021,166785377,195.0,166785377.0,0.0,1.021,1.021,0.000112,0.01097,-1609009.5003658533,-0.9555,163401815.21469,163401815.21469,,1.021,0.0,2026-09-14T16:25:00.000Z,1.015,0.59596,2026-07-23T04:25:10.000Z,2026-09-15 07:24:20+00:00,Normal,Normal,Small Cap,0.01097,1.0
doublezero,2z,DoubleZero,https://coin-images.coingecko.com/coins/images/68339/large/Coingecko_-_PFP.png?1755694420,0.04785354,166033769,196.0,478461197.0,3999533.0,0.04932893,0.04698909,2.333e-05,0.04877,87034.0,0.05245,3469494241.4,9998076741.4,10000000000.0,0.893679,-94.64533,2025-10-02T05:11:45.000Z,0.04533934,5.54531,2026-09-11T11:09:30.000Z,2026-09-15 07:24:20+00:00,Normal,Normal,Small Cap,0.04877,0.3470161643222372
swissborg,borg,SwissBorg,https://coin-images.coingecko.com/coins/images/2117/large/YJUrRy7r_400x400.png?1696503083,0.1672,164099655,197.0,164099655.0,185718.0,0.17364,0.164726,-0.002659299833467521,-1.56559,-2592050.9918269813,-1.555,981352443.442,981352443.442,1000000000.0,1.64,-89.80413,2021-05-04T09:14:50.000Z,0.00502687,3226.12083,2019-07-27T16:00:00.000Z,2026-09-15 07:24:20+00:00,Normal,Normal,Small Cap,1.56559,1.0
axie-infinity,axs,Axie Infinity,https://coin-images.coingecko.com/coins/images/13029/large/axie_infinity_logo.png?1696512817,0.940362,164042095,198.0,253925845.0,12589897.0,0.966819,0.939182,-0.009258415319895685,-0.97496,-1596829.6658988893,-0.96404,174426379.00134403,270000000.0,270000000.0,164.9,-99.42973,2021-11-06T11:29:29.000Z,0.123718,660.08467,2020-11-06T00:05:43.000Z,2026-09-15 07:24:20+00:00,Normal,Normal,Small Cap,0.97496,0.6460236259309038
chain-2,xcn,Onyxcoin,https://coin-images.coingecko.com/coins/images/24210/large/onyxlogo.jpg?1696523397,0.00414681,163037323,199.0,221419170.0,12978613.0,0.0044577,0.00396436,0.00013162,3.27813,5154069.0,3.26448,39321744509.3531,53402422627.324425,68892071756.9,0.184139,-97.748,2022-05-27T03:45:24.000Z,0.0007055,487.78205,2023-10-11T12:12:02.000Z,2026-09-15 07:24:20+00:00,Normal,Normal,Small Cap,3.27813,0.7363288512913521
tradable-apac-diversified-finance-provider-sstn,pc0000033,Tradable APAC Diversified Finance Provider SSTN,https://coin-images.coingecko.com/coins/images/66798/large/tradable.jpg?1750576460,1.0,162500000,200.0,162500000.0,0.0,1.0,1.0,0.0,0.0,0.0,0.0,162500000.0,162500000.0,300000000.0,1.0,0.0,2025-07-03T02:25:05.000Z,1.0,0.0,2026-07-23T07:25:00.000Z,2026-09-15 07:24:20+00:00,Normal,Normal,Small Cap,0.0,1.0
mx-token,mx,MX,https://coin-images.coingecko.com/coins/images/8545/large/mexc.jpg?1747142259,1.75,160801528,201.0,716177348.0,5281694.0,1.76,1.75,-0.003975698575409581,-0.22655,-364487.4494433105,-0.22616,91837334.0,409024834.0,,5.85,-70.09317,2024-04-09T14:10:39.000Z,0.04218457,4050.64475,2019-11-24T21:59:45.000Z,2026-09-15 07:24:20+00:00,Normal,Normal,Small Cap,0.22655,0.22452752587633834
humanity,h,Humanity,https://coin-images.coingecko.com/coins/images/66811/large/H_tokenLogo_original.png?1750581252,0.080643,160595683,202.0,806290942.0,3376132.0,0.087875,0.080117,-0.004654408250128111,-5.45666,-9298848.999044359,-5.47331,1991783293.9029999,10000000000.0,10000000000.0,0.853746,-90.55418,2026-06-02T07:27:00.000Z,0.01810273,345.4758,2025-06-26T17:20:39.000Z,2026-09-15 07:24:20+00:00,Normal,Normal,Small Cap,5.45666,0.19917832939029997
akash-network,akt,Akash Network,https://coin-images.coingecko.com/coins/images/12785/large/akash-logo.png?1696512580,0.532981,158997475,203.0,159004527.0,4425816.0,0.555347,0.531382,-0.009637840542564335,-1.77617,-2537466.321504265,-1.57085,297822391.870074,297836365.368596,388539008.0,8.07,-93.39958,2021-04-06T10:59:48.000Z,0.164994,223.03103,2022-11-21T12:30:53.000Z,2026-09-15 07:24:20+00:00,Normal,Normal,Small Cap,1.77617,0.9999530833029582
telcoin,tel,Telcoin,https://coin-images.coingecko.com/coins/images/1899/large/tel.png?1696502892,0.00159027,156944320,204.0,159058342.0,1115967.0,0.00171432,0.00158248,4.07e-06,0.25676,433118.0,0.27673,98670914241.98,100000000000.0,100000000000.0,0.064483,-97.53381,2021-05-10T16:32:24.000Z,6.474e-05,2356.53126,2020-03-12T18:24:47.000Z,2026-09-15 07:24:20+00:00,Normal,Normal,Small Cap,0.25676,0.9867091424198
vision-3,vsn,Vision,https://coin-images.coingecko.com/coins/images/67399/large/Logo-Vision-Symbol-BG-Green.png?1752676915,0.04154093,156121871,205.0,174437480.0,3209319.0,0.04233,0.04135251,0.00011118,0.26837,387115.0,0.24857,3759007858.1948447,4200000000.0,4200000000.0,0.223874,-81.44449,2025-08-11T03:13:12.000Z,0.02840819,46.22873,2026-06-06T05:10:30.000Z,2026-09-15 07:24:20+00:00,Normal,Normal,Small Cap,0.26837,0.8950018709987726
strategy-pp-variable-xstock,strcx,Strategy PP Variable xStock,https://coin-images.coingecko.com/coins/images/71033/large/Ticker_STRCx__Company_Name_Strategy_PP_Variable__size_200x200.png?1765380234,105.66,155543000,206.0,299156947.0,1328434.0,106.58,98.33,0.27562,0.26154,1422923.0,0.92326,1472133.858194065,2831365.415808363,,139.97,-24.5127,2026-06-02T22:11:00.000Z,73.0,44.73286,2026-06-26T03:33:00.000Z,2026-09-15 07:24:20+00:00,Normal,Normal,Small Cap,0.26154,0.5199377833658276
neo,neo,NEO,https://coin-images.coingecko.com/coins/images/480/large/NEO_512_512.png?1696501735,2.19,154651811,207.0,219270965.0,3821395.0,2.29,2.19,-0.09756755862261102,-4.26018,-6877335.880136371,-4.25764,70530000.0,100000000.0,,198.38,-98.89473,2018-01-14T16:00:00.000Z,0.078349,2698.55552,2016-10-20T16:00:00.000Z,2026-09-15 07:24:20+00:00,Normal,Normal,Small Cap,4.26018,0.7053
cash-cat,cashcat,Cash Cat,https://coin-images.coingecko.com/coins/images/102174280/large/cashcat-logo.jpg?1782922765,0.155417,153596849,208.0,153596849.0,19367842.0,0.177026,0.146352,0.00278402,1.82399,2751169.0,1.82383,988287275.6543044,988287275.6543044,1000000000.0,0.314297,-50.55078,2026-09-03T21:42:00.000Z,0.00160429,9587.59425,2026-07-01T18:44:30.000Z,2026-09-15 07:24:20+00:00,Normal,Normal,Small Cap,1.82399,1.0
chiliz,chz,Chiliz,https://coin-images.coingecko.com/coins/images/8834/large/CHZ_Token_updated.png?1696508986,0.01425164,149970860,209.0,149970860.0,18993830.0,0.01489806,0.0142643,-0.000598577089452875,-4.03076,-6275493.049212873,-4.01641,10522808485.0,10522808485.0,,0.878633,-98.37798,2021-03-13T00:04:21.000Z,0.00410887,246.85011,2019-09-27T16:00:00.000Z,2026-09-15 07:24:20+00:00,Normal,Normal,Small Cap,4.03076,1.0
gusd,gusd,GUSD,https://coin-images.coingecko.com/coins/images/68725/large/gusd-logo.jpeg?1757681286,0.998543,149572507,210.0,319535364.0,372147.0,0.998809,0.997967,0.00044047,0.04413,66685.0,0.0446,149790000.0,320000000.0,,1.022,-2.28228,2026-03-02T07:10:22.000Z,0.979237,1.97152,2026-03-02T09:40:29.000Z,2026-09-15 07:24:20+00:00,Normal,Normal,Small Cap,0.04413,0.46809375
shuffle-2,shfl,Shuffle,https://coin-images.coingecko.com/coins/images/35148/large/shuffle_token_200x200.png?1707552712,0.312472,149392103,211.0,287458108.0,508393.0,0.318599,0.306621,0.00531672,1.73095,2560614.0,1.74391,478441923.9941473,920610980.338615,1000000000.0,0.787524,-60.32216,2024-03-18T06:56:52.000Z,0.141225,121.25787,2024-12-17T06:35:43.000Z,2026-09-15 07:24:20+00:00,Normal,Normal,Small Cap,1.73095,0.5197004317916879
ecash,xec,eCash,https://coin-images.coingecko.com/coins/images/16646/large/Logo_final-22.png?1696516207,7.4e-06,148966217,212.0,148967492.0,2102097.0,7.77e-06,7.39e-06,-3.83330722344e-07,-4.92698,-7286559.301467538,-4.66332,20083585922580.0,20083767172580.0,21000000000000.0,0.00038001,-98.05351,2021-09-04T09:09:31.000Z,4.79e-06,54.47483,2026-07-01T01:13:50.000Z,2026-09-15 07:24:20+00:00,Normal,Normal,Small Cap,4.92698,0.9999909752986856
stonk-3,stonk,STONK,https://coin-images.coingecko.com/coins/images/102175239/large/tscmgapqpfx5j4hu8gbs3aj85s7a.?1785895603,0.17235,145868833,213.0,145868833.0,38916267.0,0.237576,0.172293,-0.04654688471656787,-21.26429,-39722125.39445448,-21.40305,845374197.3136369,845334896.167194,1000000000.0,0.342971,-49.74789,2026-09-11T23:45:20.000Z,0.00174774,9761.33428,2026-08-05T19:16:30.000Z,2026-09-15 07:24:20+00:00,Normal,Normal,Small Cap,21.26429,1.0000464918065268
gmt-token,gomining,GoMining Token,https://coin-images.coingecko.com/coins/images/15662/large/GoMining_Logo.webp?1769225542,0.360625,145225543,214.0,145225543.0,17296074.0,0.360857,0.356179,0.00411128,1.15319,1657501.0,1.15451,402700290.70096964,402700290.7009696,436915240.0,0.564703,-36.13911,2024-12-16T11:47:13.000Z,0.069487,418.98254,2022-11-09T16:18:31.000Z,2026-09-15 07:24:20+00:00,Normal,Normal,Small Cap,1.15319,1.0000000000000002
pearl-2,prl,Pearl,https://coin-images.coingecko.com/coins/images/102173580/large/pearl.png?1780324634,0.569343,145190073,215.0,1195468317.0,842983.0,0.578931,0.519978,0.03013452,5.58866,7667291.0,5.57529,255045783.0,2100000000.0,2100000000.0,0.739151,-22.97343,2026-06-24T12:29:00.000Z,0.139936,306.85977,2026-07-23T01:44:40.000Z,2026-09-15 07:24:20+00:00,Normal,Normal,Small Cap,5.58866,0.12145037285714286
decentraland,mana,Decentraland,https://coin-images.coingecko.com/coins/images/878/large/decentraland-mana.png?1696502010,0.073949,144783011,216.0,162144961.0,10163844.0,0.076278,0.073587,-0.002218671219350335,-2.91289,-4378689.31604737,-2.93553,1958340889.6807716,2193179327.320146,,5.85,-98.7361,2021-11-25T02:04:18.000Z,0.00923681,700.58672,2017-10-30T16:00:00.000Z,2026-09-15 07:24:20+00:00,Normal,Normal,Small Cap,2.91289,0.8929232850619997
fartcoin,fartcoin,Fartcoin,https://coin-images.coingecko.com/coins/images/50891/large/fart.jpg?1729503972,0.141814,141877866,217.0,141877866.0,26720588.0,0.148796,0.139709,-0.0011188303386864,-0.78276,-1051526.689851135,-0.7357,999972721.511247,999972719.20388,1000000000.0,2.48,-94.27907,2025-01-19T12:41:07.000Z,0.02002855,608.06156,2024-10-29T23:56:04.000Z,2026-09-15 07:24:20+00:00,Normal,Normal,Small Cap,0.78276,1.00000000230743
origintrail,trac,OriginTrail,https://coin-images.coingecko.com/coins/images/1877/large/TRAC.jpg?1696502873,0.315788,141185012,218.0,157828283.0,3191171.0,0.332963,0.315868,-0.006285021601772411,-1.95143,-2870058.603104502,-1.99233,447274118.0,500000000.0,500000000.0,3.5,-90.99019,2021-11-03T10:09:57.000Z,0.00385262,8096.71891,2020-03-12T18:24:12.000Z,2026-09-15 07:24:20+00:00,Normal,Normal,Small Cap,1.95143,0.894548236
derive,drv,Derive,https://coin-images.coingecko.com/coins/images/52889/large/Token_Logo.png?1734601695,0.140226,140180068,219.0,210331876.0,4438802.0,0.146534,0.139962,-0.002557187010752748,-1.79096,-2560868.828707874,-1.79407,999706298.7583373,1500000000.0,1500000000.0,0.228265,-38.5689,2025-01-14T19:52:14.000Z,0.01243699,1027.48803,2025-04-07T05:31:06.000Z,2026-09-15 07:24:20+00:00,Normal,Normal,Small Cap,1.79096,0.6664708658388915
safepal,sfp,SafePal,https://coin-images.coingecko.com/coins/images/13905/large/sfp.png?1696513647,0.27938,139687132,220.0,139687132.0,903078.0,0.291214,0.278451,-0.005934647934818627,-2.08004,-2970218.4735876024,-2.08206,500000000.0,500000000.0,500000000.0,4.19,-93.32823,2021-02-09T10:30:34.000Z,0.199787,39.83899,2026-07-29T21:05:20.000Z,2026-09-15 07:24:20+00:00,Normal,Normal,Small Cap,2.08004,1.0
vaulta,a,Vaulta,https://coin-images.coingecko.com/coins/images/55616/large/Vaulta_CEX_Icon_Circle_-_cmc.png?1746859132,0.083257,138740425,221.0,174770332.0,5118264.0,0.083605,0.080301,0.00032637,0.39355,506198.0,0.36619,1667072953.4487,2100000000.0,2100000000.0,0.778734,-89.30866,2025-05-28T00:22:53.000Z,0.057641,44.44153,2026-06-06T05:03:15.000Z,2026-09-15 07:24:20+00:00,Normal,Normal,Small Cap,0.39355,0.793844263547
kamino,kmno,Kamino,https://coin-images.coingecko.com/coins/images/35801/large/Kamino_200x200.png?1767944671,0.02484945,137467817,222.0,248485990.0,2764217.0,0.02506386,0.0246967,-1.081633499328e-05,-0.04351,123377.0,0.08983,5532192119.5,9999956822.504068,10000000000.0,0.247842,-89.97369,2024-12-15T08:45:25.000Z,0.01342703,85.07035,2026-06-06T05:03:15.000Z,2026-09-15 07:24:20+00:00,Normal,Normal,Small Cap,0.04351,0.553221600622341
tradable-latam-fintech-sstn,pc0000097,Tradable LatAm Fintech SSTN,https://coin-images.coingecko.com/coins/images/66796/large/tradable.jpg?1750576421,1.0,134000000,223.0,0.0,0.0,1.0,1.0,0.0,0.0,0.0,0.0,134000000.0,134000000.0,300000000.0,1.0,0.0,2025-07-03T02:25:03.000Z,1.0,0.0,2026-07-23T07:25:00.000Z,2026-09-15 07:24:20+00:00,Normal,Normal,Small Cap,0.0,1.0
1inch,1inch,1INCH,https://coin-images.coingecko.com/coins/images/13469/large/0x111111111117dc0aa78b770fa6a738034120c302_0x2b2c127f11a6604d4319c936334506b86c339a3773b6f2731db0ed4a4fb7fb72.jpg?1787890016,0.092478,129949972,224.0,138679972.0,7565849.0,0.095821,0.091672,-0.000825210761684486,-0.88444,-1194284.0333150774,-0.91066,1405573965.7275033,1499999999.997,1500000000.0,8.65,-98.93109,2021-10-27T00:24:54.000Z,0.064865,42.57041,2026-07-01T01:13:30.000Z,2026-09-15 07:24:20+00:00,Normal,Normal,Small Cap,0.88444,0.9370493104868763
jpysc,jpysc,JPYSC,https://coin-images.coingecko.com/coins/images/102174247/large/jpysc_200.png?1782808870,0.00645628,129506950,225.0,129506950.0,0.0,0.00648941,0.00645247,-2.3422229050815e-05,-0.36147,-421289.5761001557,-0.32425,20059072397.0,20059072397.0,,0.00657225,-1.7645,2026-09-13T10:05:00.000Z,0.00610725,5.71494,2026-07-30T08:00:20.000Z,2026-09-15 07:24:20+00:00,Normal,Normal,Small Cap,0.36147,1.0
elrond-erd-2,egld,MultiversX,https://coin-images.coingecko.com/coins/images/12335/large/egld-token-logo.png?1696512162,4.18,128846424,226.0,128846424.0,4903928.0,4.25,4.1,0.03911959,0.94361,1262268.0,0.98936,30788807.0,30788807.0,,545.64,-99.23304,2021-11-23T02:33:26.000Z,2.42,72.65224,2026-06-26T02:23:20.000Z,2026-09-15 07:24:20+00:00,Normal,Normal,Small Cap,0.94361,1.0
avant-usd,avusd,Avant USD,https://coin-images.coingecko.com/coins/images/53527/large/token-avusd.png?1736579003,0.999479,128360176,227.0,128360176.0,36.31,0.999871,0.999329,-5.1103574300271e-05,-0.00511,-679006.44111754,-0.5262,128426447.6909646,128426447.6909646,,1.09,-8.32311,2026-07-28T02:28:40.000Z,0.924607,8.09779,2026-06-19T19:10:00.000Z,2026-09-15 07:24:20+00:00,Normal,Normal,Small Cap,0.00511,1.0
apecoin,ape,ApeCoin,https://coin-images.coingecko.com/coins/images/24383/large/APECOIN.png?1756551529,0.12735,127338058,228.0,127338058.0,11813974.0,0.135327,0.127146,-0.008008140750423554,-5.91628,-8019618.763760209,-5.92476,1000000000.0,1000000000.0,1000000000.0,26.7,-99.52298,2022-04-28T13:44:21.000Z,0.081548,56.16603,2026-04-02T21:49:00.000Z,2026-09-15 07:24:20+00:00,Normal,Normal,Small Cap,5.91628,1.0
cash-4,cash,CASH,https://coin-images.coingecko.com/coins/images/69679/large/cash.jpg?1759283906,0.999422,127008502,229.0,127008502.0,7955067.0,0.999721,0.999308,2.781e-05,0.00278,4116.76,0.00324,127081410.008627,127081410.008627,,1.058,-5.56585,2025-11-15T12:50:58.000Z,0.975346,2.46845,2025-12-15T11:40:12.000Z,2026-09-15 07:24:20+00:00,Normal,Normal,Small Cap,0.00278,1.0
rollbit-coin,rlb,Rollbit Coin,https://coin-images.coingecko.com/coins/images/24552/large/unziL6wO_400x400.jpg?1696523729,0.080505,126647719,230.0,126647719.0,165060.0,0.080772,0.079022,-0.000323121591315437,-0.39976,-563505.2122427076,-0.44297,1573167173.1519184,1573106397.633361,5000000000.0,0.264358,-69.54687,2023-11-11T09:10:05.000Z,0.00093506,8509.63635,2022-07-01T18:46:34.000Z,2026-09-15 07:24:20+00:00,Normal,Normal,Small Cap,0.39976,1.0000386340800906
ozone-chain,ozo,Ozone Chain,https://coin-images.coingecko.com/coins/images/31385/large/ozonechain-momogram-200x200.png?1696530201,0.130613,125568065,231.0,130673028.0,212859.0,0.131046,0.130373,9.754e-05,0.07474,151740.0,0.12099,960933314.0,1000000000.0,1000000000.0,0.485077,-73.07384,2024-04-29T01:02:20.000Z,0.060046,117.51957,2023-10-07T13:15:21.000Z,2026-09-15 07:24:20+00:00,Normal,Normal,Small Cap,0.07474,0.960933314
collector-crypt,cards,Collector Crypt,https://coin-images.coingecko.com/coins/images/68728/large/cards-logo.jpeg?1756534539,0.129715,122872807,232.0,256478535.0,6538240.0,0.153665,0.126757,-0.015052238800162099,-10.39753,-14256555.689890027,-10.39643,947238813.98902,1977218798.966752,2000000000.0,0.381443,-65.99359,2025-09-14T12:18:08.000Z,0.02121763,511.35569,2025-09-01T18:58:55.000Z,2026-09-15 07:24:20+00:00,Normal,Normal,Small Cap,10.39753,0.47907637459446806
backpack,bp,Backpack,https://coin-images.coingecko.com/coins/images/102171961/large/image_%285%29.png?1774269858,0.489129,122320239,233.0,489280957.0,1825079.0,0.513773,0.491938,-0.00870327069728516,-1.74823,-2137886.151023835,-1.71776,250000000.0,1000000000.0,1000000000.0,0.785169,-37.70393,2026-06-21T09:14:20.000Z,0.117911,314.82881,2026-05-25T19:03:00.000Z,2026-09-15 07:24:20+00:00,Normal,Normal,Small Cap,1.74823,0.25
seeker,skr,Seeker,https://coin-images.coingecko.com/coins/images/70974/large/seeker-logo.jpg?1764922774,0.01738519,121521429,234.0,184102125.0,8778615.0,0.01954358,0.01711898,-0.000356605375301751,-2.00997,-2504590.3672759086,-2.01941,6990608373.703425,10590608388.71882,,0.055818,-68.85395,2026-01-21T19:32:20.000Z,0.00542271,220.59951,2026-01-20T18:11:35.000Z,2026-09-15 07:24:20+00:00,Normal,Normal,Small Cap,2.00997,0.6600761842114626
stp-network,awe,AWE Network,https://coin-images.coingecko.com/coins/images/8713/large/awe-network.jpg?1747816016,0.062558,121516305,235.0,121516305.0,2284079.0,0.063609,0.060135,0.00214181,3.54509,4162645.0,3.54709,1942420282.5203903,1942420282.5203903,2000000000.0,0.270085,-76.83768,2021-10-06T00:03:37.000Z,0.00646736,867.2884,2019-09-30T16:00:00.000Z,2026-09-15 07:24:20+00:00,Normal,Normal,Small Cap,3.54509,1.0
railgun,rail,Railgun,https://coin-images.coingecko.com/coins/images/16840/large/railgun.jpeg?1696516407,2.02,121483592,236.0,121483592.0,201892.0,2.14,2.02,-0.03773032244264618,-1.82935,-2266226.784822583,-1.8313,60000000.0,60000000.0,100000000.0,5.66,-64.22634,2025-11-07T10:42:15.000Z,0.228324,786.79343,2022-11-09T14:15:17.000Z,2026-09-15 07:24:20+00:00,Normal,Normal,Small Cap,1.82935,1.0
havven,snx,Synthetix,https://coin-images.coingecko.com/coins/images/3406/large/SNX.png?1696504103,0.208086,120891106,237.0,120979256.0,4950938.0,0.215066,0.207604,-0.007522118611875489,-3.48879,-4373144.844425574,-3.49114,580980590.4572881,581404223.5556631,,28.53,-99.2707,2021-02-13T17:12:38.000Z,0.0347864,498.18268,2019-01-05T16:00:00.000Z,2026-09-15 07:24:20+00:00,Normal,Normal,Small Cap,3.48879,0.9992713621930983
bc-token,bc,BCGame Coin,https://coin-images.coingecko.com/coins/images/53197/large/Graphic_Only-200black.png?1746867614,0.0370142,118864714,238.0,348386251.0,72678.0,0.03846699,0.03671533,0.00028519,0.77647,932974.0,0.79111,3210860915.6839733,9410865135.683973,10000000000.0,0.04108352,-9.905,2026-08-27T15:11:10.000Z,0.00291432,1170.08214,2025-04-06T23:00:26.000Z,2026-09-15 07:24:20+00:00,Normal,Normal,Small Cap,0.77647,0.3411865826776202
golem,glm,Golem,https://coin-images.coingecko.com/coins/images/542/large/Golem_Submark_Positive_RGB.png?1696501761,0.118384,118476785,239.0,118476785.0,8787243.0,0.12199,0.115126,-0.003227895012597543,-2.65427,-3134707.7909224927,-2.57764,1000000000.0,1000000000.0,,1.32,-91.06071,2018-04-13T01:13:22.000Z,0.00913753,1195.57547,2016-12-11T16:00:00.000Z,2026-09-15 07:24:20+00:00,Normal,Normal,Small Cap,2.65427,1.0
theo-short-duration-us-treasury-fund,thbill,Theo Short Duration US Treasury Fund,https://coin-images.coingecko.com/coins/images/67650/large/thBILL.png?1753401034,1.018,117889045,240.0,117889045.0,572.41,1.018,1.017,0.00012609,0.01239,15164.05,0.01286,115843689.787306,115843689.787306,,1.11,-8.44717,2025-10-10T14:40:31.000Z,0.906552,12.25512,2025-10-10T13:35:37.000Z,2026-09-15 07:24:20+00:00,Normal,Normal,Small Cap,0.01239,1.0
astherus-usdf,usdf,Aster USDF,https://coin-images.coingecko.com/coins/images/54133/large/USDF_LOGO.png?1738393978,0.999631,116394505,241.0,116395858.0,38109.0,0.999834,0.99834,0.00112735,0.1129,304177.0,0.26202,116438626.4836233,116439979.4836233,,1.046,-4.45894,2025-10-10T14:42:58.000Z,0.798494,25.18955,2025-10-10T13:23:15.000Z,2026-09-15 07:24:20+00:00,Normal,Normal,Small Cap,0.1129,0.9999883802796428
bedrock-token,br,Bedrock,https://coin-images.coingecko.com/coins/images/54908/large/BR_200px.png?1742453499,0.392483,115488153,242.0,389285910.0,19311691.0,0.553302,0.394944,-0.028094157640048467,-6.67991,-9283039.255105138,-7.44005,296666666.0,1000000000.0,1000000000.0,0.553302,-29.0653,2026-09-15T01:32:00.000Z,0.03920767,901.03588,2025-04-18T12:21:08.000Z,2026-09-15 07:24:20+00:00,Normal,Normal,Small Cap,6.67991,0.296666666
zencash,zen,Horizen,https://coin-images.coingecko.com/coins/images/691/large/Horizen2.0-logo_icon-on-yellow_%281%29.png?1751696763,6.29,115246421,243.0,132032283.0,8773959.0,6.58,6.21,-0.022301679919673134,-0.35325,-477262.3675926477,-0.41242,18330175.014408942,21000000.0,21000000.0,165.92,-96.20841,2021-05-07T22:00:30.000Z,3.26,92.70597,2019-10-16T16:00:00.000Z,2026-09-15 07:24:20+00:00,Normal,Normal,Small Cap,0.35325,0.8728654768766163
meteora,met,Meteora,https://coin-images.coingecko.com/coins/images/69110/large/meteora.png?1757517561,0.208333,114832163,244.0,207847879.0,13631670.0,0.226321,0.207334,-0.01201933092992366,-5.4546,-6614382.703492209,-5.44633,551229401.876345,997733207.007731,1000000000.0,0.686913,-69.67112,2025-10-23T05:01:20.000Z,0.094433,120.61343,2026-06-06T05:03:00.000Z,2026-09-15 07:24:20+00:00,Normal,Normal,Small Cap,5.4546,0.5524817636665809
tradable-singapore-fintech-ssl-2,pc0000023,Tradable Singapore Fintech SSL,https://coin-images.coingecko.com/coins/images/66954/large/tradable.jpg?1751254449,1.0,114500000,,114500000.0,0.0,0.0,0.0,-0.000464405387685683,,-2521028.344390087,,114500000.0,114500000.0,114500000.0,1.0,0.0,2025-07-03T02:25:09.000Z,1.0,0.0,2025-07-03T02:25:09.000Z,2026-07-10 19:20:16+00:00,Normal,Normal,Small Cap,,1.0
alpha-bulgaria-warrants,alfw,Alpha Bulgaria Warrants,https://coin-images.coingecko.com/coins/images/102174400/large/0fc344_46599cf95f3b4eac9dcd8b50a1fcd064_mv2%281%29%281%29.png?1783581235,3.2,114330001,245.0,114330001.0,0.0,3.2,3.2,0.0,0.0,0.0,0.0,35714286.0,35714286.0,35714286.0,3.2,0.0,2026-08-19T20:35:00.000Z,3.2,0.0,2026-08-19T15:45:00.000Z,2026-09-15 07:24:20+00:00,Normal,Normal,Small Cap,0.0,1.0
zama,zama,Zama,https://coin-images.coingecko.com/coins/images/70921/large/zama.png?1764591992,0.04554688,113643105,246.0,514872207.0,8809366.0,0.0495122,0.04566039,-0.002982513881443397,-6.14579,-7407455.075884581,-6.11931,2495124738.0769844,11304428717.34256,,0.06628,-31.28137,2026-07-27T17:16:40.000Z,0.01673142,172.22371,2026-02-12T09:20:22.000Z,2026-09-15 07:24:20+00:00,Normal,Normal,Small Cap,6.14579,0.2207209935561907
basic-attention-token,bat,Basic Attention,https://coin-images.coingecko.com/coins/images/677/large/basic-attention-token.png?1696501867,0.075616,113157225,247.0,113480670.0,9039894.0,0.079054,0.07554,-0.002847491968046886,-3.62908,-4202131.249136746,-3.58057,1495724656.9526057,1500000000.0,1500000000.0,1.9,-96.02139,2021-11-27T16:23:51.000Z,0.055241,36.88275,2026-08-14T15:07:10.000Z,2026-09-15 07:24:20+00:00,Normal,Normal,Small Cap,3.62908,0.9971497713017371
dgrid-ai,dgai,DGrid AI,https://coin-images.coingecko.com/coins/images/102175792/large/dgrid.png?1787573447,0.746206,111938350,248.0,746255667.0,30142508.0,0.773516,0.741977,-0.009890408410657359,-1.30809,-1476079.353234902,-1.30149,150000000.0,1000000000.0,1000000000.0,0.846164,-11.81314,2026-08-24T21:24:20.000Z,0.364155,104.91436,2026-08-24T17:03:40.000Z,2026-09-15 07:24:20+00:00,Normal,Normal,Small Cap,1.30809,0.15
circle-internet-group-ondo-tokenized-stock,crclon,Circle Internet Group (Ondo Tokenized Stock),https://coin-images.coingecko.com/coins/images/68595/large/crclon_160x160.png?1756129889,92.91,110180585,249.0,110178316.0,6748067.0,97.92,90.23,1.1,1.1994,-1317450.5443826169,-1.18159,1185903.225184536,1185878.808865459,,158.37,-41.3372,2025-10-10T05:49:47.000Z,47.99,93.60641,2026-02-05T16:26:02.000Z,2026-09-15 07:24:20+00:00,Normal,Normal,Small Cap,1.1994,1.000020589219484
